ReadName,Mapping_x,MapStart_x,MapEnd_x,Strand,Mapping_y,MapStart_y,MapQual,ReadLength,MapEnd_y,StrandStatus,Region of Interest,StrandDirection
414ea9ff-654b-4e9d-bd52-3bd30d9103f1,pFB2,0,153,fwd,pFB2,0,60,157,157,Lag,Others,fwdLag
581b4e67-a8a5-4b85-80cf-fb98a9e58b6c,pFB2,0,131,fwd,pFB2,0,60,134,134,Lag,Others,fwdLag
41803a44-66f9-4614-8025-0da1537aa0a9,pFB2,0,147,fwd,pFB2,0,23,167,167,Lag,Others,fwdLag
b54fc5f9-7711-4432-b2f9-98ded51b67bb,pFB2,0,118,fwd,pFB2,0,60,165,165,Lag,Others,fwdLag
cd93eb2c-1d86-41dd-987d-b0d789daf75e,pFB2,0,170,fwd,pFB2,0,60,170,170,Lag,Others,fwdLag
aa6f5a1c-d3f9-4790-b058-29fe3ae03ec9,pFB2,0,109,fwd,pFB2,0,60,134,134,Lag,Others,fwdLag
7ca3be57-a2a7-45da-ba3a-e62ec7e7f4b7,pFB2,0,117,rev,pFB2,0,25,143,143,Lead,Others,revLead
858af9ba-ff46-4059-8580-784fe64d8ea9,pFB2,0,132,rev,pFB2,0,60,166,166,Lead,Others,revLead
66fe9ed1-f2f2-466f-b254-1b660fdba3cf,pFB2,0,146,rev,pFB2,0,60,143,143,Lead,Others,revLead
cbf0d93e-410a-474e-859f-41953468e1c3,pFB2,0,142,rev,pFB2,0,31,172,172,Lead,Others,revLead
896ab4d5-1d69-4713-8e1e-8a75c9ce70db,pFB2,0,151,rev,pFB2,0,57,171,171,Lead,Others,revLead
87777888-b6fd-4bfc-aede-f64abb380a32,pFB2,0,163,rev,pFB2,0,58,168,168,Lead,Others,revLead
774caaf4-695e-4263-b2dc-bee72f7ca1d5,pFB2,0,142,rev,pFB2,0,56,138,138,Lead,Others,revLead
bbe25fa6-ffe3-41fa-bab7-8b5daf29009d,pFB2,0,131,rev,pFB2,0,60,128,128,Lead,Others,revLead
24b9c7fc-f840-42de-a014-4e7bc7fafde7,pFB2,0,129,rev,pFB2,0,25,163,163,Lead,Others,revLead
cee6a73f-939d-4414-a80f-baddc62c179d,pFB2,0,130,rev,pFB2,0,47,141,141,Lead,Others,revLead
a463126f-ea4e-4d90-b018-091c87d15d4e,pFB2,1,168,fwd,pFB2,1,60,169,170,Lag,Others,fwdLag
bcc5dd0f-d1d5-41a4-9364-5029d4f8a9fe,pFB2,2,171,fwd,pFB2,2,60,164,166,Lag,Others,fwdLag
9b89edb1-8960-4c37-bd64-4066b0d5522f,pFB2,1,150,rev,pFB2,1,60,146,147,Lead,Others,revLead
3a009d70-9b69-4f5e-8c31-62929fdc6986,pFB2,4,119,fwd,pFB2,4,60,123,127,Lag,Others,fwdLag
623df18e-ce06-4c92-b8b7-32f1251fa593,pFB2,5,147,fwd,pFB2,5,60,146,151,Lag,Others,fwdLag
82ccd27b-34e0-4970-a65f-74a0903546ff,pFB2,5,158,fwd,pFB2,5,60,152,157,Lag,Others,fwdLag
5f99dfc8-b511-4727-811c-f7ffc810a4da,pFB2,5,162,fwd,pFB2,5,60,160,165,Lag,Others,fwdLag
51cc9e0f-e720-4653-b32d-e391133218ae,pFB2,5,175,rev,pFB2,5,60,166,171,Lead,Others,revLead
9db64984-9f7a-4733-bcc4-e359f7ecd309,pFB2,8,176,fwd,pFB2,8,60,171,179,Lag,Others,fwdLag
29b4ed17-c1cb-4a96-a685-56301119a54c,pFB2,9,156,rev,pFB2,9,60,147,156,Lead,Others,revLead
ba2fd754-1a80-4d51-b5fa-e71c12936f9b,pFB2,9,171,rev,pFB2,9,60,162,171,Lead,Others,revLead
86d1ab20-5201-4057-933d-b63dcf99a8f0,pFB2,14,159,fwd,pFB2,14,60,144,158,Lag,Others,fwdLag
e596724e-0edc-474c-860f-e5780c2ff9e6,pFB2,15,140,fwd,pFB2,15,38,126,141,Lag,Others,fwdLag
b767edfc-7cf8-4c88-a546-d2dced340f09,pFB2,15,175,rev,pFB2,15,60,163,178,Lead,Others,revLead
fc2ea18c-59ef-47fc-a2a1-07aaa1f5634e,pFB2,16,162,fwd,pFB2,16,60,151,167,Lag,Others,fwdLag
afbad011-950b-4673-abb4-032931d2d61c,pFB2,17,171,rev,pFB2,17,60,159,176,Lead,Others,revLead
415828b4-2225-440a-9045-df4a7fcb42c4,pFB2,18,171,rev,pFB2,18,60,152,170,Lead,Others,revLead
bb529c9b-0984-4136-8641-ec63fa83f851,pFB2,21,154,fwd,pFB2,21,60,135,156,Lag,Others,fwdLag
75db3423-f122-4cd3-912c-f50e570d24b4,pFB2,22,156,fwd,pFB2,22,60,134,156,Lag,Others,fwdLag
87f74bd1-e70a-4a24-85bc-674e3caf15e3,pFB2,23,132,rev,pFB2,23,60,140,163,Lead,Others,revLead
8cbff66c-d03b-4560-86f9-59269ea40ded,pFB2,23,155,rev,pFB2,23,27,138,161,Lead,Others,revLead
f3298003-840b-4825-8374-99e714974fcf,pFB2,26,151,rev,pFB2,26,60,138,164,Lead,Others,revLead
c5bf6658-d62a-4397-a0b9-1d5e9ba1d4e9,pFB2,26,175,rev,pFB2,26,44,145,171,Lead,Others,revLead
b873a4b0-127a-4df7-8727-622f2b44e097,pFB2,27,167,rev,pFB2,27,60,144,171,Lead,Others,revLead
7373fb5d-f423-4b7c-8b4e-f1695d73c170,pFB2,32,162,fwd,pFB2,32,60,131,163,Lag,Others,fwdLag
3e7911c7-ca82-4ce2-8e53-c1a0c2514177,pFB2,32,162,fwd,pFB2,32,57,130,162,Lag,Others,fwdLag
17f011b7-99e4-4c9a-aec7-7d3928b7f7ae,pFB2,42,182,rev,pFB2,42,60,145,187,Lead,Others,revLead
2120c8bb-be14-4800-8c40-9df037c1f7c6,pFB2,43,179,rev,pFB2,43,60,155,198,Lead,Others,revLead
4391f87c-6581-4248-a419-7550c640612b,pFB2,43,186,rev,pFB2,43,60,158,201,Lead,Others,revLead
98e1bbae-9c72-43f4-b284-68b85e10adec,pFB2,44,177,fwd,pFB2,44,60,139,183,Lag,Others,fwdLag
49f686ae-2dbe-42ec-a0d6-391500541e49,pFB2,45,187,fwd,pFB2,45,60,144,189,Lag,Others,fwdLag
e72fb147-81b7-4566-9fcc-f4a62f65751d,pFB2,56,205,rev,pFB2,56,60,146,202,Lead,Others,revLead
2bede848-3a31-46fc-ae10-517d7f2d9fe4,pFB2,66,224,rev,pFB2,66,60,162,228,Lead,Others,revLead
a0da285d-3613-478d-bef3-b852eed9b58e,pFB2,69,193,fwd,pFB2,69,26,131,200,Lag,Others,fwdLag
bc4f5701-2ea4-48ba-b9ce-65d1b986a366,pFB2,72,214,fwd,pFB2,72,60,146,218,Lag,Others,fwdLag
cffd2c6d-7aac-43bd-bb9b-7cc842284f22,pFB2,78,227,fwd,pFB2,78,60,148,226,Lag,Others,fwdLag
ae96cba8-5fe8-4d8a-a2cc-09136ba2a52b,pFB2,90,218,fwd,pFB2,90,60,129,219,Lag,Others,fwdLag
c05ff15e-ceab-4865-8a0a-2d231b7beb99,pFB2,102,226,rev,pFB2,102,60,147,249,Lead,Others,revLead
56920e2b-717f-4ade-80a8-c72566f858a3,pFB2,132,292,fwd,pFB2,132,60,167,299,Lag,Others,fwdLag
15661337-5786-40d6-bb13-f82bc2d98683,pFB2,160,321,rev,pFB2,160,24,165,325,Lead,Others,revLead
d744e1bc-3fc0-4ec5-9ce5-50c2e9a9588e,pFB2,171,321,rev,pFB2,171,49,150,321,Lead,Others,revLead
bb24f5b1-40c0-48a2-830a-c1df528caf71,pFB2,179,320,fwd,pFB2,179,60,150,329,Lag,Others,fwdLag
ecf2ae18-8b01-4f1f-a893-1e72c20f536d,pFB2,179,308,fwd,pFB2,179,60,133,312,Lag,Others,fwdLag
714e38ca-d3c6-40ce-9732-58ebf89e655e,pFB2,180,288,rev,pFB2,180,60,144,324,Lead,Others,revLead
c3966266-0fcc-47d5-ada8-ad5ba0e6fc45,pFB2,210,365,fwd,pFB2,210,60,161,371,Lag,Others,fwdLag
b0645370-066a-4ec3-911d-99a17fa35e79,pFB2,213,363,fwd,pFB2,213,60,152,365,Lag,Others,fwdLag
65fe81df-56ef-481f-ad7c-ac986e87d646,pFB2,217,375,fwd,pFB2,217,60,157,374,Lag,Others,fwdLag
e59c579e-55fb-44df-955e-5937a8593f60,pFB2,224,376,rev,pFB2,224,60,152,376,Lead,Others,revLead
e650c298-98ba-4d51-a982-b309a90e00fa,pFB2,227,385,rev,pFB2,227,60,161,388,Lead,Others,revLead
043fe0af-7240-494b-8db9-55641e13d1f4,pFB2,227,379,rev,pFB2,227,60,154,381,Lead,Others,revLead
31c9d019-15a4-408b-bdd6-74e41a2a1ca6,pFB2,249,395,rev,pFB2,249,60,145,394,Lead,Others,revLead
14fc594f-52c2-48f4-8dde-880961bb7012,pFB2,260,397,rev,pFB2,260,60,146,406,Lead,Others,revLead
9493b044-f213-4893-989d-10c74107660f,pFB2,261,414,rev,pFB2,261,51,146,407,Lead,Others,revLead
2c8b3c7e-e738-4eef-b787-3f9a41d1ab5b,pFB2,263,398,rev,pFB2,263,60,131,394,Lead,Others,revLead
22133b5c-1b94-458f-b3be-083ab87ae7c3,pFB2,263,409,rev,pFB2,263,60,145,408,Lead,Others,revLead
ae246d78-7579-48b8-bcb1-6fb115d6ad23,pFB2,264,407,rev,pFB2,264,27,136,400,Lead,Others,revLead
75a6fe53-5312-4d44-8a12-d769eae5991e,pFB2,267,435,fwd,pFB2,267,60,162,429,Lag,Others,fwdLag
f8fec76d-06dd-41a2-8499-986bf17847fc,pFB2,271,416,fwd,pFB2,271,40,155,426,Lag,Others,fwdLag
9acbcdd7-b3d4-4614-864f-7683042f93b6,pFB2,271,399,fwd,pFB2,271,36,130,401,Lag,Others,fwdLag
90a01bdd-429d-47b5-83cc-9cc920d732cf,pFB2,273,417,fwd,pFB2,273,60,150,423,Lag,Others,fwdLag
9284a698-cee9-471a-9a51-78f9820a9123,pFB2,282,438,rev,pFB2,282,60,158,440,Lead,Others,revLead
5cd2534d-fb9e-4fde-a8d9-4651893f7615,pFB2,282,422,rev,pFB2,282,25,131,413,Lead,Others,revLead
414f7d4d-8519-4988-ad4d-a600ec7a83c3,pFB2,287,403,rev,pFB2,287,57,125,412,Lead,Others,revLead
eefc6318-445e-4b49-8dea-0bc25afe7e6f,pFB2,288,419,fwd,pFB2,288,60,138,426,Lag,Others,fwdLag
b7e00208-9880-4ffb-bc73-f778c455210a,pFB2,293,438,fwd,pFB2,293,60,153,446,Lag,Others,fwdLag
04ae0ebd-82cf-48fe-8f56-4513db1191b4,pFB2,301,436,fwd,pFB2,301,60,152,453,Lag,Others,fwdLag
c740400e-f370-42da-b573-ce5b4fb1e141,pFB2,302,443,fwd,pFB2,302,60,139,441,Lag,Others,fwdLag
bcaff0d5-99eb-4402-8ed9-3930622a7e4c,pFB2,302,466,rev,pFB2,302,60,162,464,Lead,Others,revLead
f17baafc-6197-4d86-977c-b584180a11f7,pFB2,312,466,rev,pFB2,312,60,154,466,Lead,Others,revLead
104f7b25-f7f0-46a2-b822-a18f8d020807,pFB2,313,449,fwd,pFB2,313,58,156,469,Lag,Others,fwdLag
900743e1-56d5-43eb-843c-1996fd26623c,pFB2,316,439,fwd,pFB2,316,60,132,448,Lag,Others,fwdLag
c694a77d-2dc4-4fd1-ac09-0d43cc62ecaa,pFB2,316,477,fwd,pFB2,316,60,158,474,Lag,Others,fwdLag
17d1f6e8-2ffc-44bd-abd7-105d8907dd6a,pFB2,314,467,rev,pFB2,314,60,161,475,Lead,Others,revLead
624a60f3-b85b-4d70-bf90-fc1440b25def,pFB2,317,443,fwd,pFB2,317,60,123,440,Lag,Others,fwdLag
2e8c5392-51a9-4c58-b1c7-9e44d42d6c19,pFB2,322,443,fwd,pFB2,322,60,123,445,Lag,Others,fwdLag
771b3e9c-d655-4896-9967-088d2cd19486,pFB2,323,489,rev,pFB2,323,60,161,484,Lead,Others,revLead
2d7af138-35fc-41e6-9f01-8c54ca84c296,pFB2,327,482,fwd,pFB2,327,60,154,481,Lag,Others,fwdLag
217626ae-f61c-4cb5-b2d7-2ea0aafc2982,pFB2,333,498,rev,pFB2,333,60,161,494,Lead,Others,revLead
263b766e-164c-4372-8f02-d2953ddabdfa,pFB2,335,499,rev,pFB2,335,60,164,499,Lead,Others,revLead
a06dbf2f-1e92-48bf-ad07-9d0d8e79725f,pFB2,338,477,fwd,pFB2,338,27,139,477,Lag,Others,fwdLag
2859240f-a9c6-42cd-a7b7-af8dd252f783,pFB2,347,489,fwd,pFB2,347,60,142,489,Lag,Others,fwdLag
1541b381-94c8-499f-b02e-4f5302565ce1,pFB2,350,504,fwd,pFB2,350,22,144,494,Lag,Others,fwdLag
8c89736e-5bb4-424d-9819-4cc7957a68c5,pFB2,351,505,rev,pFB2,351,60,151,502,Lead,Others,revLead
102b377e-ce2a-46b3-81b5-1fba2a3330f4,pFB2,352,504,fwd,pFB2,352,60,153,505,Lag,Others,fwdLag
1e8a6556-c0db-40d0-af58-f6a3182912f8,pFB2,358,520,rev,pFB2,358,60,168,526,Lead,Others,revLead
405b5370-a42c-42bc-b023-eaf58070298f,pFB2,362,515,rev,pFB2,362,60,149,511,Lead,Others,revLead
e2e5a5e0-5433-4897-97c6-e945e821a64f,pFB2,363,473,rev,pFB2,363,21,123,486,Lead,Others,revLead
9b9fd0b3-65f8-4bd1-baad-7505b8fd6d90,pFB2,372,520,rev,pFB2,372,60,146,518,Lead,Others,revLead
6a5826a5-7aa2-462c-89ec-8975ea5fbc64,pFB2,382,544,fwd,pFB2,382,60,165,547,Lag,Others,fwdLag
dc92793b-fea3-44e9-8a4c-3374a0f5697a,pFB2,388,543,rev,pFB2,388,60,163,551,Lead,Others,revLead
6be817dc-5b95-4ff2-948a-12c95f43ce90,pFB2,396,544,fwd,pFB2,396,60,150,546,Lag,Others,fwdLag
3df627a7-d9e8-4124-a512-cfd056412158,pFB2,398,553,rev,pFB2,398,60,156,554,Lead,Others,revLead
ceef7a8e-a868-4582-8c33-4a4ec4b399e9,pFB2,400,503,fwd,pFB2,400,60,143,543,Lag,Others,fwdLag
56af71b3-7859-4008-baf4-912b82ebe53e,pFB2,406,523,fwd,pFB2,406,31,131,537,Lag,Others,fwdLag
e5ed25c5-1aeb-4ebd-8852-6fec68613efb,pFB2,442,598,rev,pFB2,442,33,162,604,Lead,Others,revLead
1bf5b2eb-7c91-40de-b511-2932ad38b628,pFB2,442,585,fwd,pFB2,442,50,150,592,Lag,Others,fwdLag
4d20400d-fad7-44b8-bed0-ce385162849f,pFB2,446,624,fwd,pFB2,446,37,172,618,Lag,Others,fwdLag
dc6ceb9d-00ca-4a2e-ab58-0c98d850dcd0,pFB2,491,632,rev,pFB2,491,60,140,631,Lead,Others,revLead
a26dbc0b-bb9b-41bc-9dee-fa3ff831bb5b,pFB2,570,734,rev,pFB2,570,60,172,742,Lead,Others,revLead
1505ab2a-d07a-4039-80bc-4c3eed72cc0a,pFB2,576,716,fwd,pFB2,576,60,143,719,Lag,Others,fwdLag
db515154-ee03-445b-b397-0b30a4dbc448,pFB2,591,736,rev,pFB2,591,60,149,740,Lead,Others,revLead
7b290c5b-038b-4a4d-a42a-aa1b11c990d4,pFB2,599,771,fwd,pFB2,599,60,161,760,Lag,Others,fwdLag
45e2010a-6ca0-466d-bdd4-78f4ac2562d2,pFB2,600,729,fwd,pFB2,600,60,167,767,Lag,Others,fwdLag
4d0a7bed-e18d-4c06-a166-8aec32b13eaa,pFB2,600,771,rev,pFB2,600,60,167,767,Lead,Others,revLead
ba04418d-cdf8-4d1e-b10c-694e0ba22e62,pFB2,613,764,rev,pFB2,613,20,158,771,Lead,Others,revLead
af1a332a-9b2c-43fe-bef8-929092b2fcae,pFB2,614,750,fwd,pFB2,614,60,156,770,Lag,Others,fwdLag
3d206ba9-695f-43ac-a4f2-878818e849fd,pFB2,614,761,fwd,pFB2,614,60,159,773,Lag,Others,fwdLag
7a253e39-da2c-44d0-8a93-1767e2ef9349,pFB2,615,726,rev,pFB2,615,60,136,751,Lead,Others,revLead
e79dc7fa-62dc-4b61-ad3b-b122644e7ba4,pFB2,628,792,fwd,pFB2,628,60,167,795,Lag,Others,fwdLag
160a4701-b16d-4232-87b2-d4ebef7eb120,pFB2,637,780,fwd,pFB2,637,60,137,774,Lag,Others,fwdLag
1c2e211c-0609-4c1b-b492-d1f120ca7f58,pFB2,640,792,fwd,pFB2,640,60,150,790,Lag,Others,fwdLag
86df35e7-f603-47ae-9884-6d976dab44d3,pFB2,646,802,rev,pFB2,646,60,149,795,Lead,Others,revLead
74087a68-9143-4465-8a69-e29435277de9,pFB2,651,802,rev,pFB2,651,60,148,799,Lead,Others,revLead
161249c0-a06d-4357-995e-262ce105dad6,pFB2,653,788,fwd,pFB2,653,25,134,787,Lag,Others,fwdLag
4b4b9612-3136-4df0-8fb6-b7a375a0f06a,pFB2,652,789,rev,pFB2,652,60,138,790,Lead,Others,revLead
93ca86db-82dd-444a-af26-4e846dbafa2e,pFB2,660,801,fwd,pFB2,660,60,141,801,Lag,Others,fwdLag
825308ba-f842-4a5c-a61d-cf9d3436c377,pFB2,673,846,fwd,pFB2,673,60,163,836,Lag,Others,fwdLag
c72571c3-0207-4613-b9f3-6b9f67066346,pFB2,673,846,fwd,pFB2,673,43,168,841,Lag,Others,fwdLag
684e67e4-6bcc-482d-8aae-a3595abb6953,pFB2,680,842,rev,pFB2,680,60,167,847,Lead,Others,revLead
fe08fd5c-1ff3-4999-9af7-0fb7d8f7b04e,pFB2,682,800,rev,pFB2,682,60,125,807,Lead,Others,revLead
d39d7e46-9481-4956-ab4d-86c83d169b7d,pFB2,686,846,rev,pFB2,686,60,159,845,Lead,Others,revLead
793513d6-f768-45b0-8d7f-befc876b27cb,pFB2,698,854,fwd,pFB2,698,60,155,853,Lag,Others,fwdLag
5878c0b6-1f41-4ce8-9c56-58146f8cff99,pFB2,699,846,fwd,pFB2,699,60,140,839,Lag,Others,fwdLag
b9349195-6cb7-4d21-b35a-d7febb6df121,pFB2,707,871,rev,pFB2,707,60,159,866,Lead,Others,revLead
29a39799-ffe3-46ad-ae8b-948b01b20ddd,pFB2,711,850,rev,pFB2,711,60,142,853,Lead,Others,revLead
e3572c5e-3ce2-4f33-a9cb-faa36c6777eb,pFB2,711,842,rev,pFB2,711,60,131,842,Lead,Others,revLead
d6d94d28-2137-44eb-885b-9a30c84415ca,pFB2,713,873,rev,pFB2,713,60,156,869,Lead,Others,revLead
d0b2cdc4-1fdf-46f8-ac72-f21cb48f42f5,pFB2,719,877,rev,pFB2,719,60,160,879,Lead,Others,revLead
4a4ee08e-770c-46c2-9ba1-86fe61f33a95,pFB2,724,891,fwd,pFB2,724,60,170,894,Lag,Others,fwdLag
b7604cc6-9514-4ecc-ac79-e3b299e6cc01,pFB2,730,901,fwd,pFB2,730,56,171,901,Lag,Others,fwdLag
87842eb5-23ac-4198-8dfb-04d42a25e7bb,pFB2,762,906,fwd,pFB2,762,51,140,902,Lag,Others,fwdLag
cbfc277e-969a-4c2d-9470-c0ad4c0a23f2,pFB2,771,906,fwd,pFB2,771,60,155,926,Lag,Others,fwdLag
48ef660a-2f9b-4e02-8f96-97f7587c257a,pFB2,770,892,rev,pFB2,770,60,144,914,Lead,Others,revLead
44e78778-60b0-4298-85b7-9b838df8c6bb,pFB2,783,947,fwd,pFB2,783,60,157,940,Lag,Others,fwdLag
42d368c9-3d55-4fb1-9f98-3bc74c7b0982,pFB2,784,944,rev,pFB2,784,60,158,942,Lead,Others,revLead
6acfb66a-5370-4fe5-8f46-ba8dbcc6c936,pFB2,784,954,rev,pFB2,784,26,166,950,Lead,Others,revLead
317cd410-0082-4b9c-b65a-89a61f41ea8c,pFB2,788,962,fwd,pFB2,788,60,163,951,Lag,Others,fwdLag
9a47ac12-5d0e-4f0b-a4fc-9df854b955b0,pFB2,786,939,fwd,pFB2,786,35,144,930,Lag,Others,fwdLag
02100b84-ce8e-4069-bf3b-c9c010fd76a6,pFB2,790,941,fwd,pFB2,790,60,141,931,Lag,Others,fwdLag
d6935cff-f323-4fcd-a534-462ea6b73dd1,pFB2,791,939,rev,pFB2,791,60,149,940,Lead,Others,revLead
fa9885d1-273f-451d-a8d7-31ebffde767b,pFB2,792,942,fwd,pFB2,792,26,141,933,Lag,Others,fwdLag
e7e81103-3d29-45b0-afe2-3ab237e6673d,pFB2,801,967,fwd,pFB2,801,60,167,968,Lag,Others,fwdLag
726e4543-390e-462d-85a7-c52f67b85b36,pFB2,802,971,rev,pFB2,802,60,167,969,Lead,Others,revLead
6447ea98-a224-47b8-a614-48ff56417748,pFB2,803,965,rev,pFB2,803,34,165,968,Lead,Others,revLead
297561b3-c64c-4b60-b4d1-f13b8e4a185f,pFB2,804,955,fwd,pFB2,804,60,147,951,Lag,Others,fwdLag
5863aa63-79e0-47f6-b128-24922b254b0e,pFB2,805,973,fwd,pFB2,805,60,167,972,Lag,Others,fwdLag
54457e26-6d17-438b-9faf-8f88b67b13ff,pFB2,807,972,fwd,pFB2,807,60,161,968,Lag,Others,fwdLag
78101a41-3bd3-4778-b625-c1af87b2c692,pFB2,807,978,fwd,pFB2,807,60,171,978,Lag,Others,fwdLag
23e8a38f-d897-448a-ad84-476a0d753bfd,pFB2,807,949,fwd,pFB2,807,56,144,951,Lag,Others,fwdLag
ae5dad40-3c35-4871-804d-2c98109553be,pFB2,807,965,rev,pFB2,807,60,160,967,Lead,Others,revLead
c9276083-35fa-4696-956c-fac67b8fed4f,pFB2,808,974,fwd,pFB2,808,60,168,976,Lag,Others,fwdLag
bee4debb-b3b3-4aa5-9d9d-51ac7752828c,pFB2,808,951,fwd,pFB2,808,60,146,954,Lag,Others,fwdLag
a29b939d-2619-421c-8e4e-90d0b3bb8146,pFB2,808,935,fwd,pFB2,808,32,140,948,Lag,Others,fwdLag
8f2ab893-533c-4933-98d4-0ca3aab68171,pFB2,808,974,rev,pFB2,808,60,166,974,Lead,Others,revLead
bbf538db-001f-4ca0-917e-b70c8d659688,pFB2,810,956,fwd,pFB2,810,60,145,955,Lag,Others,fwdLag
e0d0b6f2-1c67-463d-93fa-f0562a70f124,pFB2,817,928,fwd,pFB2,817,58,125,942,Lag,Others,fwdLag
9c510e16-0116-4b47-914c-abcd3d9789c0,pFB2,825,976,fwd,pFB2,825,60,148,973,Lag,Others,fwdLag
1b21e169-78d4-4737-bdaa-988af236c0b8,pFB2,827,964,rev,pFB2,827,59,140,967,Lead,Others,revLead
e500e0ae-7def-45a0-a1e3-916a8e2760f2,pFB2,833,965,fwd,pFB2,833,60,132,965,Lag,Others,fwdLag
509add54-e1ba-4906-9167-4243c0498055,pFB2,833,974,fwd,pFB2,833,43,168,1001,Lag,Others,fwdLag
a142d5aa-e4a0-4d82-98c2-d46db59243a3,pFB2,833,977,fwd,pFB2,833,60,156,989,Lag,Others,fwdLag
e87252ef-de6b-49b8-83c3-6fb548d20131,pFB2,845,985,fwd,pFB2,845,31,141,986,Lag,Others,fwdLag
509d35e9-754f-4ba1-9760-77f401c7a4af,pFB2,845,991,fwd,pFB2,845,60,138,983,Lag,Others,fwdLag
3b963579-15be-422d-8342-4acabdf27b7a,pFB2,851,990,rev,pFB2,851,44,131,982,Lead,Others,revLead
282abc7a-03fb-4846-819d-a0c79eeb2f91,pFB2,852,1000,fwd,pFB2,852,60,155,1007,Lag,Others,fwdLag
647c4ec4-d405-4b15-9e30-ac7f2fd0c034,pFB2,853,1004,fwd,pFB2,853,60,145,998,Lag,Others,fwdLag
e3a1bd02-4646-4953-9e11-da3cf0773c47,pFB2,853,1025,rev,pFB2,853,60,172,1025,Lead,Others,revLead
74ffe0bc-d9bd-471c-8709-3ee9bd200350,pFB2,856,1016,rev,pFB2,856,60,164,1020,Lead,Others,revLead
65cc6472-2bbd-4554-a42d-bf3aaabffa7a,pFB2,857,968,fwd,pFB2,857,22,137,994,Lag,Others,fwdLag
cd11b303-7d82-4991-94cb-b1cbde5b12dd,pFB2,857,1016,rev,pFB2,857,60,159,1016,Lead,Others,revLead
e706e388-8e53-48b1-b4b2-d0d8f167f36c,pFB2,857,1016,fwd,pFB2,857,34,153,1010,Lag,Others,fwdLag
47a51510-56dd-4e9f-85df-f55d921b4be2,pFB2,857,991,rev,pFB2,857,60,134,991,Lead,Others,revLead
95eeb056-f320-472b-a6da-3b968db5a1d6,pFB2,858,991,rev,pFB2,858,50,130,988,Lead,Others,revLead
100f34a0-1b37-4a87-a5d8-c65d376da912,pFB2,859,1016,fwd,pFB2,859,60,157,1016,Lag,Others,fwdLag
420056bb-193f-4754-95f4-11f0f6af7b41,pFB2,859,990,rev,pFB2,859,29,127,986,Lead,Others,revLead
17ea6cbc-2ad8-4101-bcbe-43a5a855861f,pFB2,861,1023,rev,pFB2,861,60,162,1023,Lead,Others,revLead
fa4391e0-c4d9-4ab2-870c-1fd5c4410d16,pFB2,865,1025,rev,pFB2,865,60,163,1028,Lead,Others,revLead
7087cf01-5bee-486c-bd32-3b0e0f999322,pFB2,868,1027,fwd,pFB2,868,60,172,1040,Lag,Others,fwdLag
6fd6af46-59ce-430d-a279-c5c0cf92a4e5,pFB2,870,1026,fwd,pFB2,870,60,155,1025,Lag,Others,fwdLag
642b2dc1-6a69-4838-9b51-045580e93944,pFB2,871,1020,fwd,pFB2,871,60,147,1018,Lag,Others,fwdLag
99734e9e-dc87-4297-bfef-26ac907465aa,pFB2,873,1027,fwd,pFB2,873,60,156,1029,Lag,Others,fwdLag
16bfe221-712b-4eae-9f00-7f611e3312f9,pFB2,873,1034,rev,pFB2,873,60,161,1034,Lead,Others,revLead
a47331ba-f13a-47e3-bf08-7af2428a8257,pFB2,875,1022,fwd,pFB2,875,60,154,1029,Lag,Others,fwdLag
e4461b24-5f1d-4274-ad27-c2304b8f6c23,pFB2,882,1016,rev,pFB2,882,42,133,1015,Lead,Others,revLead
1d037d0f-d8dd-434f-945c-9e76cd843a9f,pFB2,884,1045,fwd,pFB2,884,48,158,1042,Lag,Others,fwdLag
25f35586-272a-4d05-90da-4f7fefbc635c,pFB2,885,1045,rev,pFB2,885,37,159,1044,Lead,Others,revLead
1ea4a44b-7c1a-4e58-9001-a07af7baead2,pFB2,893,1045,rev,pFB2,893,28,149,1042,Lead,Others,revLead
530ae0b5-4452-4b35-a53b-a3f6ee45e682,pFB2,894,1064,fwd,pFB2,894,60,164,1058,Lag,Others,fwdLag
f726db4a-eaf6-4c40-b9fa-b05fc71742b1,pFB2,896,1028,rev,pFB2,896,60,145,1041,Lead,Others,revLead
9bc27b9b-dcdd-49db-a074-6ff2b8bd6249,pFB2,896,1034,rev,pFB2,896,28,144,1040,Lead,Others,revLead
b38c52c5-cdfa-4104-8b9a-f113e988f271,pFB2,897,1028,rev,pFB2,897,60,145,1042,Lead,Others,revLead
f3f0f154-9692-4b21-997a-5f87ceed5077,pFB2,898,1046,fwd,pFB2,898,60,149,1047,Lag,Others,fwdLag
7bd3e5f8-8c42-43ec-8834-3639d2c1a9bd,pFB2,899,1036,fwd,pFB2,899,37,140,1039,Lag,Others,fwdLag
b98147de-f1db-4ed9-812f-bff216ec6d42,pFB2,899,1072,fwd,pFB2,899,60,168,1067,Lag,Others,fwdLag
88cf9c81-4f42-41c6-88f5-b951fd77cea3,pFB2,901,1029,rev,pFB2,901,44,125,1026,Lead,Others,revLead
ff96fdf4-92b9-4e45-a434-13e3133d3463,pFB2,906,1045,rev,pFB2,906,60,140,1046,Lead,Others,revLead
4b86ce04-6986-4c00-8979-11ae51da470f,pFB2,911,1019,fwd,pFB2,911,36,129,1040,Lag,Others,fwdLag
f1db3877-128c-470f-8359-d4e3aaf696a6,pFB2,919,1064,fwd,pFB2,919,60,143,1062,Lag,Others,fwdLag
03bc3c3a-0fd4-49fe-8f24-7d4666df1d17,pFB2,921,1029,rev,pFB2,921,50,158,1079,Lead,Others,revLead
2eb5730b-ced2-4ab5-bcd3-b9b52f746b9a,pFB2,922,1071,fwd,pFB2,922,60,154,1076,Lag,Others,fwdLag
872c1d46-5ab6-4037-b0e7-12cf2375e8d2,pFB2,926,1097,fwd,pFB2,926,60,171,1097,Lag,Others,fwdLag
d3565e87-7623-48b0-acbb-9e2c7def70b3,pFB2,926,1074,fwd,pFB2,926,60,137,1063,Lag,Others,fwdLag
649ab59f-258e-4b52-b860-184196265b8f,pFB2,927,1075,fwd,pFB2,927,60,137,1064,Lag,Others,fwdLag
8ae7a8c6-9f78-4cea-8b42-d07895f6a920,pFB2,931,1092,rev,pFB2,931,60,159,1090,Lead,Others,revLead
4d83780b-6693-40d5-9a3b-ac644de4c041,pFB2,937,1072,rev,pFB2,937,23,129,1066,Lead,Others,revLead
d7d6baaf-2fe3-4142-af36-dcbcc6bd5ddc,pFB2,937,1097,rev,pFB2,937,60,150,1087,Lead,Others,revLead
421d5a36-cc1e-49a9-a646-0340b262ff48,pFB2,938,1094,fwd,pFB2,938,44,164,1102,Lag,Others,fwdLag
a03a7229-4e3b-4e3f-b3f2-9b7ee7cbc71b,pFB2,938,1078,rev,pFB2,938,60,143,1081,Lead,Others,revLead
cb88bdc9-9f9e-4b7d-8fc9-f86d7911f0a5,pFB2,942,1070,rev,pFB2,942,26,133,1075,Lead,Others,revLead
0032acec-b775-4c39-896a-88d1ad2ef969,pFB2,942,1072,fwd,pFB2,942,60,130,1072,Lag,Others,fwdLag
3588e028-004c-44e3-accb-62853b08f838,pFB2,944,1107,rev,pFB2,944,60,163,1107,Lead,Others,revLead
acc839a2-92a1-40a1-9276-1b5aaed782dc,pFB2,943,1118,rev,pFB2,943,60,172,1115,Lead,Others,revLead
ba874bf2-b149-4458-9833-d0a315695524,pFB2,947,1096,rev,pFB2,947,35,143,1090,Lead,Others,revLead
e83a9ca9-467b-48ec-98b1-4ef891436b61,pFB2,950,1102,fwd,pFB2,950,60,172,1122,Lag,Others,fwdLag
f2420206-767a-4337-912c-7ce82c1592eb,pFB2,950,1119,fwd,pFB2,950,60,169,1119,Lag,Others,fwdLag
c2d0c46c-1ae6-42dc-b98d-21a2c541c70d,pFB2,971,1095,rev,pFB2,971,60,132,1103,Lead,Others,revLead
9f437e3a-585c-4c45-8ed3-eb5dbc31927b,pFB2,978,1095,rev,pFB2,978,32,162,1140,Lead,Others,revLead
b48bfadc-ca73-4192-9079-f8580e97eaff,pFB2,997,1157,fwd,pFB2,997,60,158,1155,Lag,Others,fwdLag
78a078e3-87a3-41d3-99b2-1d9fa5f9a714,pFB2,997,1161,fwd,pFB2,997,60,169,1166,Lag,Others,fwdLag
b2ee2d32-4998-43bd-945f-4fd80d96f584,pFB2,1006,1154,rev,pFB2,1006,60,146,1152,Lead,Others,revLead
ae12c288-3e87-42ea-8f91-f93023068a29,pFB2,1007,1153,fwd,pFB2,1007,60,158,1165,Lag,Others,fwdLag
30301a59-7a64-46eb-b7e2-14c0fe8d1807,pFB2,1008,1159,fwd,pFB2,1008,60,154,1162,Lag,Others,fwdLag
1fc49fef-437c-4ab7-adff-e219b203be5c,pFB2,1009,1156,fwd,pFB2,1009,60,147,1156,Lag,Others,fwdLag
908c167b-6f27-4487-8049-c9dae0bbd95b,pFB2,1010,1176,rev,pFB2,1010,60,167,1177,Lead,Others,revLead
6090e0f1-46d3-43ad-8f3c-4b84d727b201,pFB2,1012,1159,rev,pFB2,1012,54,148,1160,Lead,Others,revLead
5257060d-8ee5-40b3-a839-f2d5c71f39b0,pFB2,1029,1181,rev,pFB2,1029,60,160,1189,Lead,Others,revLead
2f7eaa30-c307-40e8-b87c-2a6659c87cc9,pFB2,1030,1177,rev,pFB2,1030,60,151,1181,Lead,Others,revLead
1b177011-6805-4978-abb7-98ece7e6fc34,pFB2,1036,1169,fwd,pFB2,1036,60,142,1178,Lag,Others,fwdLag
43e913c4-a905-4e72-98f7-b462dfef1387,pFB2,1050,1181,fwd,pFB2,1050,24,167,1217,Lag,Others,fwdLag
9aa44bb7-131c-4466-873b-20ef2d0318df,pFB2,1055,1168,fwd,pFB2,1055,60,129,1184,Lag,Others,fwdLag
0cb55584-ff62-4c8c-8a48-1151c387612e,pFB2,1055,1220,rev,pFB2,1055,60,162,1217,Lead,Others,revLead
17066141-eb74-495f-af4c-24eabe49685c,pFB2,1058,1209,fwd,pFB2,1058,60,150,1208,Lag,Others,fwdLag
cee4b810-c8b9-42d8-bd93-d0fa5d83137e,pFB2,1062,1213,fwd,pFB2,1062,60,151,1213,Lag,Others,fwdLag
93875483-85ae-455e-ab8f-4cc9922378bb,pFB2,1065,1177,fwd,pFB2,1065,60,143,1208,Lag,Others,fwdLag
a4b9e2ac-d977-4703-bce6-80807e8a6071,pFB2,1075,1226,rev,pFB2,1075,60,152,1227,Lead,Others,revLead
6feed506-8521-47e1-9ee9-9e056f78ddb6,pFB2,1078,1186,rev,pFB2,1078,60,130,1208,Lead,Others,revLead
833db459-7898-4d6e-a50b-cec3a7aac207,pFB2,1091,1256,fwd,pFB2,1091,60,159,1250,Lag,Others,fwdLag
006d5dd7-9783-4453-89d8-026d9b4e822a,pFB2,1099,1231,fwd,pFB2,1099,60,132,1231,Lag,Others,fwdLag
5e89c4b9-0c68-49ee-a51c-04acbc200885,pFB2,1100,1240,fwd,pFB2,1100,60,158,1258,Lag,Others,fwdLag
584f6efa-ebda-4535-9b63-ad56e1e9cf05,pFB2,1100,1246,rev,pFB2,1100,48,154,1254,Lead,Others,revLead
d0a01a8e-b053-4c2d-aa85-596cd103626b,pFB2,1102,1256,fwd,pFB2,1102,60,153,1255,Lag,Others,fwdLag
1c75b2c3-7ffa-4c52-b9bb-9b4eee1c03d0,pFB2,1102,1212,rev,pFB2,1102,60,124,1226,Lead,Others,revLead
77f8558e-34b9-46ee-a274-7b7d67409574,pFB2,1113,1253,rev,pFB2,1113,60,148,1261,Lead,Others,revLead
6b8fb270-1f62-42f2-bff2-aaac21ea4b47,pFB2,1114,1257,fwd,pFB2,1114,60,149,1263,Lag,Others,fwdLag
b21c4285-2930-40fe-8c6d-8d3783069773,pFB2,1113,1244,rev,pFB2,1113,49,136,1249,Lead,Others,revLead
0c96a007-ee87-4bbe-86c6-8a4b6d02cfef,pFB2,1115,1272,fwd,pFB2,1115,35,161,1276,Lag,Others,fwdLag
953bbb55-ac40-46a7-8d75-d2932d6650d9,pFB2,1119,1271,fwd,pFB2,1119,60,146,1265,Lag,Others,fwdLag
6cdd9e99-6d89-4b89-b82a-175112f92469,pFB2,1119,1282,fwd,pFB2,1119,60,169,1288,Lag,Others,fwdLag
efeca942-4acd-48a5-a6ce-bd155d735026,pFB2,1119,1260,fwd,pFB2,1119,53,158,1277,Lag,Others,fwdLag
ef4a7498-3222-4ff0-9d9f-ac750bee8b7b,pFB2,1119,1254,rev,pFB2,1119,60,137,1256,Lead,Others,revLead
63652fc4-7ac2-4a3f-8526-976a65343210,pFB2,1120,1256,fwd,pFB2,1120,60,140,1260,Lag,Others,fwdLag
914874e3-9f69-4b7a-916a-adb82bb479ba,pFB2,1120,1266,fwd,pFB2,1120,60,141,1261,Lag,Others,fwdLag
6a1449b8-8ada-4d02-8a2c-5ca2eacf61a7,pFB2,1120,1292,fwd,pFB2,1120,60,170,1290,Lag,Others,fwdLag
61d6ae70-74ac-4e16-9060-1485d678508d,pFB2,1120,1267,fwd,pFB2,1120,41,140,1260,Lag,Others,fwdLag
bdec8aec-0803-4ee8-9069-3f73ea1a92a8,pFB2,1120,1254,fwd,pFB2,1120,60,136,1256,Lag,Others,fwdLag
6c4b4c7b-bb7c-4e5e-bb68-f25e61a963ba,pFB2,1120,1279,fwd,pFB2,1120,60,161,1281,Lag,Others,fwdLag
3a07febf-1cdb-42a6-8dce-44a5550677ea,pFB2,1120,1249,fwd,pFB2,1120,57,127,1247,Lag,Others,fwdLag
eb700f29-cb06-4646-8037-446ee2786e1c,pFB2,1120,1267,fwd,pFB2,1120,41,165,1285,Lag,Others,fwdLag
90396d9c-a7ed-4c00-b407-b62ec9e0f44b,pFB2,1120,1274,fwd,pFB2,1120,60,154,1274,Lag,Others,fwdLag
b8b52456-674f-4928-a5d9-86335bb0f4b5,pFB2,1121,1271,fwd,pFB2,1121,59,151,1272,Lag,Others,fwdLag
aa7ae188-b327-4d74-ba87-b0bd38afe597,pFB2,1121,1273,fwd,pFB2,1121,60,158,1279,Lag,Others,fwdLag
8296c5ad-0a07-4546-a4d9-6b74df42ba8a,pFB2,1121,1252,fwd,pFB2,1121,60,149,1270,Lag,Others,fwdLag
bd6078e8-ac5f-4a44-a9e5-2a3f282a85dd,pFB2,1121,1295,fwd,pFB2,1121,60,170,1291,Lag,Others,fwdLag
3d80bf1b-1295-4d50-bb0b-a484f3c28246,pFB2,1121,1244,rev,pFB2,1121,60,129,1250,Lead,Others,revLead
004eea1a-3767-4bd4-b22d-9dbb84e8d673,pFB2,1123,1263,fwd,pFB2,1123,60,150,1273,Lag,Others,fwdLag
d88fa941-5471-4fb0-923e-67eb3a8a9297,pFB2,1123,1260,fwd,pFB2,1123,60,146,1269,Lag,Others,fwdLag
ece0ee63-ebae-4fd0-ab04-56afe08a3d8e,pFB2,1123,1283,rev,pFB2,1123,29,168,1291,Lead,Others,revLead
42ebf064-9d9b-408c-ae28-8405a056873b,pFB2,1123,1277,rev,pFB2,1123,30,142,1265,Lead,Others,revLead
b916cd46-30b6-49b7-8c10-b02d5892181c,pFB2,1126,1282,rev,pFB2,1126,60,161,1287,Lead,Others,revLead
6ab9e0f5-fda0-4456-8892-213281dda8f7,pFB2,1129,1299,rev,pFB2,1129,60,172,1301,Lead,Others,revLead
c5423e76-5fe2-4d4f-8b5e-01918f1e5d3d,pFB2,1133,1301,rev,pFB2,1133,60,169,1302,Lead,Others,revLead
6aeb7549-f0b6-407e-8479-a3c6c79bd696,pFB2,1137,1292,rev,pFB2,1137,60,158,1295,Lead,Others,revLead
01df01cc-ae03-4cca-94d0-8ead9afdef3b,pFB2,1143,1283,fwd,pFB2,1143,56,154,1297,Lag,Others,fwdLag
94001c0e-16f0-4e62-bd5e-37485228605e,pFB2,1154,1294,rev,pFB2,1154,60,138,1292,Lead,Others,revLead
20f6dac1-f931-4aa3-a245-49992ea870aa,pFB2,1162,1328,fwd,pFB2,1162,60,166,1328,Lag,Others,fwdLag
ec1f63c9-7a11-4c02-93e5-ed05231ae4ad,pFB2,1164,1291,fwd,pFB2,1164,60,133,1297,Lag,Others,fwdLag
cc0ad67a-b82f-4887-9fe9-d20de6ee79da,pFB2,1163,1299,fwd,pFB2,1163,60,138,1301,Lag,Others,fwdLag
75969baa-c886-499d-ac01-f8520637f1d3,pFB2,1170,1295,fwd,pFB2,1170,60,125,1295,Lag,Others,fwdLag
9924d3f4-7f2c-4883-ae50-50fd9b5f99fd,pFB2,1187,1323,rev,pFB2,1187,35,164,1351,Lead,Others,revLead
8f9bdb39-b2c5-4e36-b5fd-a2eeeff92555,pFB2,1199,1342,rev,pFB2,1199,60,144,1343,Lead,Others,revLead
20790196-e089-4bda-b769-f1bd97df6b0b,pFB2,1262,1430,fwd,pFB2,1262,60,164,1426,Lag,Others,fwdLag
7bf210c8-35db-4f68-8b7e-bd919baedbbc,pFB2,1361,1472,rev,pFB2,1361,60,153,1514,Lead,Widom626,revLead
c2aa6263-bef0-4261-8d86-5bfef891f07b,pFB2,1378,1498,rev,pFB2,1378,60,171,1549,Lead,Widom626,revLead
f8c8555b-45f3-413f-b57c-e987d85ae31d,pFB2,1381,1522,rev,pFB2,1381,60,145,1526,Lead,Widom626,revLead
95ad7c53-4e7d-49ab-9662-32572c6eb238,pFB2,1395,1550,fwd,pFB2,1395,60,157,1552,Lag,Widom626,fwdLag
d5e13b43-8a3d-4f7d-9bce-dfd88c04194c,pFB2,1396,1522,rev,pFB2,1396,60,162,1558,Lead,Widom626,revLead
a3e641e4-2ab4-4ce8-9cbe-20e9770f18c2,pFB2,1407,1565,rev,pFB2,1407,60,158,1565,Lead,Widom626,revLead
656ebf25-3a69-49a2-aa43-790ccac4fe81,pFB2,1407,1558,fwd,pFB2,1407,60,148,1555,Lag,Widom626,fwdLag
223232dc-47cb-4dbb-8b9c-7b4fe659c0bb,pFB2,1407,1552,fwd,pFB2,1407,60,148,1555,Lag,Widom626,fwdLag
2a3e94d9-041c-497f-bf12-34182ba5b0fa,pFB2,1410,1547,fwd,pFB2,1410,60,137,1547,Lag,Widom626,fwdLag
dddae906-40d8-471a-8941-3acd00e739b0,pFB2,1412,1558,rev,pFB2,1412,60,147,1559,Lead,Widom626,revLead
f7dac568-ef82-4956-b610-14f2eda2993c,pFB2,1435,1598,fwd,pFB2,1435,60,162,1597,Lag,Widom626,fwdLag
78e7fac8-26ec-420d-959b-af7c6d1d2141,pFB2,1441,1596,fwd,pFB2,1441,25,152,1593,Lag,Widom626,fwdLag
b55aa79c-255a-4aa5-8008-4512f3b05474,pFB2,1471,1620,fwd,pFB2,1471,60,150,1621,Lag,Widom626,fwdLag
2024d09f-a384-4cc2-b543-64a3e580a7f9,pFB2,1478,1634,fwd,pFB2,1478,60,154,1632,Lag,Widom626,fwdLag
69176233-87bb-4aa2-83e4-9da5a11362f4,pFB2,1481,1621,fwd,pFB2,1481,38,136,1617,Lag,Widom626,fwdLag
f6f4e914-3fc8-474e-b077-fec8c799d2b1,pFB2,1481,1629,fwd,pFB2,1481,21,140,1621,Lag,Widom626,fwdLag
c3877457-8f2d-43da-a105-85f911c079ae,pFB2,1489,1634,rev,pFB2,1489,60,148,1637,Lead,Widom626,revLead
bc467598-d3b8-4372-8125-7ce104de1aa8,pFB2,1493,1645,rev,pFB2,1493,60,152,1645,Lead,Widom626,revLead
5ea6f60f-1129-462a-8f5e-09b9830fcb2c,pFB2,1495,1647,rev,pFB2,1495,60,153,1648,Lead,Widom626,revLead
21989cf9-c97c-4d8e-a240-139eee95639d,pFB2,1500,1642,rev,pFB2,1500,24,146,1646,Lead,Widom626,revLead
b0108b64-830a-41ef-931f-5d522943c12f,pFB2,1505,1621,fwd,pFB2,1505,40,137,1642,Lag,Widom626,fwdLag
29674746-bad1-415b-8265-8367ea1a0df2,pFB2,1508,1646,rev,pFB2,1508,43,135,1643,Lead,Widom626,revLead
1b87459d-f4d2-4960-8abd-4c25975b688b,pFB2,1514,1642,rev,pFB2,1514,60,129,1643,Lead,Widom626,revLead
391badb1-f4b7-46fd-b178-ff41a49552f3,pFB2,1520,1647,fwd,pFB2,1520,53,126,1646,Lag,Widom626,fwdLag
3337eb2d-05b5-41b2-b52d-2ddcb0af2f90,pFB2,1521,1645,rev,pFB2,1521,60,139,1660,Lead,Widom626,revLead
e3bb2f57-e16d-4240-b327-1badde18e388,pFB2,1522,1650,rev,pFB2,1522,60,137,1659,Lead,Widom626,revLead
efebe752-ff34-41ff-b7e2-2f94973957b7,pFB2,1527,1656,rev,pFB2,1527,60,129,1656,Lead,Widom626,revLead
cdbe91ad-9e05-4bc9-ba3b-684f09b23de8,pFB2,1533,1692,rev,pFB2,1533,57,160,1693,Lead,Widom626,revLead
e471047c-ca4c-4c06-b718-2cf628f264d5,pFB2,1537,1671,rev,pFB2,1537,46,135,1672,Lead,Widom626,revLead
19cff8d8-f234-4ec0-a41b-7ad6800d0af3,pFB2,1537,1665,rev,pFB2,1537,60,132,1669,Lead,Widom626,revLead
582bbe87-1899-4f68-9072-e90921a45be9,pFB2,1563,1671,rev,pFB2,1563,34,144,1707,Lead,Widom626,revLead
01e7371a-a47e-47aa-a90d-e50efd8a96e8,pFB2,1569,1687,fwd,pFB2,1569,60,135,1704,Lag,Widom626,fwdLag
907bbb73-e47b-461e-9491-dc825c8e2e37,pFB2,1606,1742,rev,pFB2,1606,60,135,1741,Lead,Widom626,revLead
d66e5159-3c0d-4e77-ae3d-c9db471c094d,pFB2,1613,1750,rev,pFB2,1613,60,143,1756,Lead,Widom626,revLead
d318630d-ba46-4aa7-9196-1d3c68af8d4f,pFB2,1666,1833,rev,pFB2,1666,60,166,1832,Lead,Widom612,revLead
f6e8a347-8134-49ea-a7f7-c37336b60c32,pFB2,1687,1828,rev,pFB2,1687,54,137,1824,Lead,Widom612,revLead
4b1e7e08-975f-4191-8b7d-7469e21ac7ee,pFB2,1693,1835,rev,pFB2,1693,60,143,1836,Lead,Widom612,revLead
56af06b0-862b-4ba1-ba34-b685b4582f43,pFB2,1701,1872,fwd,pFB2,1701,60,163,1864,Lag,Widom612,fwdLag
c36bcaff-56dd-4e9e-8e9a-c93923005d92,pFB2,1711,1849,rev,pFB2,1711,60,134,1845,Lead,Widom612,revLead
f2e1b60f-a217-4977-8a8c-4eb4b8dc44db,pFB2,1716,1851,fwd,pFB2,1716,51,139,1855,Lag,Widom612,fwdLag
ed8d2329-cc2b-46f5-a56f-226958107004,pFB2,1752,1868,fwd,pFB2,1752,33,124,1876,Lag,Widom612,fwdLag
e3fb1f83-f7e2-4b6b-ab51-50e4f30e8c6d,pFB2,1782,1882,rev,pFB2,1782,29,146,1928,Lead,Widom612,revLead
7fc0c53b-2b22-4f83-8daa-061f04439c3a,pFB2,1786,1916,rev,pFB2,1786,60,129,1915,Lead,Widom612,revLead
43fbf4cb-c9b3-4f09-adef-9245082a7b6a,pFB2,1823,1976,fwd,pFB2,1823,60,157,1980,Lag,Widom612,fwdLag
810f3434-8c7e-4c5e-8f08-d727397fdadc,pFB2,1857,1987,fwd,pFB2,1857,60,147,2004,Lag,Widom605,fwdLag
465297a7-d6bc-40c7-8ca2-2641db53ca83,pFB2,1872,1998,fwd,pFB2,1872,60,125,1997,Lag,Widom605,fwdLag
f3e1cc7d-e1a7-4828-adac-3e10a6c0c05b,pFB2,1888,2008,fwd,pFB2,1888,49,140,2028,Lag,Widom605,fwdLag
5337b265-e2fa-4b01-8220-3d91fb9e8e0c,pFB2,1890,2027,fwd,pFB2,1890,40,139,2029,Lag,Widom605,fwdLag
7451a786-c131-47ea-8f98-402f1e25169f,pFB2,1899,2048,rev,pFB2,1899,60,165,2064,Lead,Widom605,revLead
17b613f8-3a12-4494-89f7-b0468b7c68b7,pFB2,1899,2050,rev,pFB2,1899,60,147,2046,Lead,Widom605,revLead
92268fb2-a158-461d-8599-1b2b4ee134e9,pFB2,1907,2034,rev,pFB2,1907,60,130,2037,Lead,Widom605,revLead
048ea88b-7480-48be-a9ac-c8561fe3b53f,pFB2,1907,2036,rev,pFB2,1907,43,135,2042,Lead,Widom605,revLead
799453fb-30e8-4fd3-b294-75692e3c4d03,pFB2,1908,2034,rev,pFB2,1908,60,128,2036,Lead,Widom605,revLead
1a106ccf-a371-480a-b2e0-2668a24265a5,pFB2,1915,2016,fwd,pFB2,1915,21,162,2077,Lag,Widom605,fwdLag
bf4af32f-fa2b-4ca3-82e0-a5def570a830,pFB2,1920,2051,rev,pFB2,1920,29,135,2055,Lead,Widom605,revLead
8effbb45-ffac-47f0-9c31-1e1d9e803692,pFB2,1922,2057,rev,pFB2,1922,60,138,2060,Lead,Widom605,revLead
0e3acbeb-c02b-4f2c-9036-83721afd5c03,pFB2,1938,2074,rev,pFB2,1938,60,152,2090,Lead,Widom605,revLead
9009af15-b9f7-4d88-8980-71fe3a8a8039,pFB2,1954,2107,rev,pFB2,1954,60,152,2106,Lead,Widom605,revLead
1850e35b-0ea4-493d-96a8-aaa711ebf1aa,pFB2,1954,2107,rev,pFB2,1954,60,155,2109,Lead,Widom605,revLead
60313c18-00a3-4571-9923-f4aef65cd1b0,pFB2,1955,2107,rev,pFB2,1955,60,148,2103,Lead,Widom605,revLead
912429f9-a51d-487b-902f-76688bc24d84,pFB2,1958,2108,fwd,pFB2,1958,60,149,2107,Lag,Widom605,fwdLag
ff79c92d-9d2c-488f-9adc-56120738914c,pFB2,1962,2093,fwd,pFB2,1962,60,133,2095,Lag,Widom605,fwdLag
a605b0f8-aef7-482a-9cd8-af78acf3ba1f,pFB2,1963,2105,fwd,pFB2,1963,60,146,2109,Lag,Widom605,fwdLag
699f82bf-85ac-49df-9157-784284ce2150,pFB2,1976,2128,rev,pFB2,1976,60,152,2128,Lead,Widom605,revLead
e48e08d2-4369-45b1-95d4-82717956c4ee,pFB2,1985,2085,fwd,pFB2,1985,46,160,2145,Lag,Widom605,fwdLag
2dd3df19-4d2b-4912-9668-725d5281103f,pFB2,1989,2127,fwd,pFB2,1989,60,147,2136,Lag,Widom605,fwdLag
c9ea20e2-50cc-4d81-afb2-6685c4fea445,pFB2,1996,2145,rev,pFB2,1996,53,154,2150,Lead,Widom605,revLead
1ff77cc2-3d06-47b1-8278-d15a0311034a,pFB2,1996,2161,fwd,pFB2,1996,60,170,2166,Lag,Widom605,fwdLag
5ee9ab4f-04ce-4422-8442-f5c790b0bde9,pFB2,2003,2128,rev,pFB2,2003,60,125,2128,Lead,Widom605,revLead
372199b1-be3d-491e-9de4-36a14561f85f,pFB2,2017,2177,rev,pFB2,2017,60,154,2171,Lead,Widom605,revLead
e793b4e0-d3c6-4592-921b-e1a6aaeaadaa,pFB2,2027,2178,fwd,pFB2,2027,60,148,2175,Lag,Widom605,fwdLag
59c87671-a7d1-431d-8418-809c3de84019,pFB2,2047,2197,rev,pFB2,2047,60,161,2208,Lead,Widom601,revLead
26138479-9e6b-4afb-8689-96c6a1adf3a5,pFB2,2048,2198,fwd,pFB2,2048,60,150,2198,Lag,Widom601,fwdLag
f103fe4e-b820-4b1d-a2a8-4842dfc0d7b9,pFB2,2059,2209,fwd,pFB2,2059,60,146,2205,Lag,Widom601,fwdLag
31669284-1317-4857-acde-56f739d1d368,pFB2,2076,2211,fwd,pFB2,2076,60,141,2217,Lag,Widom601,fwdLag
f8cee98c-a98d-4724-af41-61b32f752d9b,pFB2,2126,2251,rev,pFB2,2126,25,135,2261,Lead,Widom601,revLead
aa80094b-c7ae-46b9-8b06-0ecbe7f931e0,pFB2,2127,2278,fwd,pFB2,2127,60,151,2278,Lag,Widom601,fwdLag
dcf8b11a-2030-43c9-831f-dc90e8618a2d,pFB2,2128,2281,fwd,pFB2,2128,39,152,2280,Lag,Widom601,fwdLag
ae0338d8-60f5-44a5-9409-cfd0d3cb868d,pFB2,2233,2387,rev,pFB2,2233,60,155,2388,Lag,Widom603,revLag
495e6e1d-654c-4267-b378-29bea7796905,pFB2,2329,2477,rev,pFB2,2329,20,146,2475,Lag,Widom603,revLag
ff447950-8a33-4be1-b91f-75c7374d4cfb,pFB2,2330,2489,rev,pFB2,2330,60,155,2485,Lag,Widom603,revLag
42f912e1-bff9-4622-a1dd-bc40bf5eb22b,pFB2,2334,2476,fwd,pFB2,2334,60,141,2475,Lead,Widom603,fwdLead
3c079f21-1f84-456a-8737-85d1ca056715,pFB2,2336,2479,rev,pFB2,2336,56,154,2490,Lag,Widom603,revLag
2c6148b4-abb1-4c01-aa15-0db7866a8a96,pFB2,2341,2488,rev,pFB2,2341,60,156,2497,Lag,Widom603,revLag
91d9a060-99a1-47f6-9487-81ba5f07f2ce,pFB2,2343,2490,fwd,pFB2,2343,60,146,2489,Lead,Widom603,fwdLead
e8f3f70f-7452-4534-9834-18163050ade1,pFB2,2346,2501,fwd,pFB2,2346,60,149,2495,Lead,Widom603,fwdLead
e3ccf850-00ef-4573-9e39-96581ae056c8,pFB2,2347,2498,rev,pFB2,2347,60,151,2498,Lag,Widom603,revLag
afda96f3-ea4a-446a-b32c-e7dfc7c525f9,pFB2,2358,2503,rev,pFB2,2358,32,145,2503,Lag,Widom603,revLag
2164c866-97bb-43d7-b3b3-69707469cbeb,pFB2,2362,2512,fwd,pFB2,2362,60,147,2509,Lead,Widom603,fwdLead
67165a08-5fe6-47d8-9981-135dc83f3794,pFB2,2402,2552,fwd,pFB2,2402,60,149,2551,Lead,Widom603,fwdLead
83c3269c-b1b4-4d60-8781-4dd55b1a61f7,pFB2,2414,2548,fwd,pFB2,2414,54,134,2548,Lead,Widom603,fwdLead
1924aead-ef9f-4f5f-a280-883d5021da1e,pFB2,2416,2554,fwd,pFB2,2416,60,169,2585,Lead,Widom603,fwdLead
d946bb7b-3b19-49ba-9432-5d59e0e38589,pFB2,2421,2559,fwd,pFB2,2421,60,164,2585,Lead,Widom603,fwdLead
16aefefb-73bd-4c8e-a0af-f4c2c395b6b2,pFB2,2433,2552,fwd,pFB2,2433,59,128,2561,Lead,Widom603,fwdLead
c45a7f8e-74cb-4c68-81b1-a1c10fa68362,pFB2,2439,2601,fwd,pFB2,2439,60,162,2601,Lead,Widom603,fwdLead
ff1045d2-7df4-40f6-87f6-f93250fd6bb7,pFB2,2443,2604,fwd,pFB2,2443,60,162,2605,Lead,Widom603,fwdLead
c1a31010-9083-42b2-b237-b2a9bb0ae295,pFB2,2444,2611,rev,pFB2,2444,60,172,2616,Lag,Widom603,revLag
a129fd24-bdd4-4839-ac62-ec577bafc2fe,pFB2,2449,2611,fwd,pFB2,2449,60,161,2610,Lead,Widom603,fwdLead
a1ca4982-2ee7-4209-8fb1-10bdc641975a,pFB2,2451,2598,fwd,pFB2,2451,60,148,2599,Lead,Widom603,fwdLead
490a3dc0-d423-408e-8b87-5c1e656c860e,pFB2,2474,2626,fwd,pFB2,2474,60,147,2621,Lead,Widom603,fwdLead
f3a5a56e-d7ad-4288-b714-eaf74c1b7e92,pFB2,2518,2689,fwd,pFB2,2518,60,167,2685,Lead,Widom607,fwdLead
bd06e2e6-1954-42d6-94f8-6e42794e04a2,pFB2,2533,2647,rev,pFB2,2533,60,161,2694,Lag,Widom607,revLag
2b791e5d-a55e-4429-84f0-8301f3e0ee20,pFB2,2536,2693,fwd,pFB2,2536,23,150,2686,Lead,Widom607,fwdLead
a0aa5bfe-d9df-4179-8201-1461b81c5311,pFB2,2541,2699,rev,pFB2,2541,60,160,2701,Lag,Widom607,revLag
bedf4fff-2610-4fdd-98fb-b5f5c3f16c89,pFB2,2545,2702,fwd,pFB2,2545,60,159,2704,Lead,Others,fwdLead
65faf153-3f42-4ac1-900e-b9d37ef847f4,pFB2,2549,2687,fwd,pFB2,2549,60,141,2690,Lead,Widom607,fwdLead
474a2274-df41-4334-8dd4-54a6becb99df,pFB2,2556,2702,fwd,pFB2,2556,60,145,2701,Lead,Widom607,fwdLead
8b348ba2-a373-4b65-a446-f0ccb761e574,pFB2,2576,2726,rev,pFB2,2576,60,135,2711,Lag,Widom607,revLag
5d5b8144-2b4b-4b18-8ed4-a9bc340d2506,pFB2,2581,2704,fwd,pFB2,2581,60,123,2704,Lead,Widom607,fwdLead
400dc9f8-2065-4f3c-a87f-aefde6591abf,pFB2,2581,2694,fwd,pFB2,2581,44,166,2747,Lead,Widom607,fwdLead
7d104346-e515-4d3f-9e31-3da00711dc95,pFB2,2581,2740,rev,pFB2,2581,21,150,2731,Lag,Widom607,revLag
d04f5276-4101-4190-92b2-381cfc5e0fcd,pFB2,2627,2733,rev,pFB2,2627,38,134,2761,Lag,Widom607,revLag
b5396ef2-a953-43c2-a875-4a1fe71c8e2e,pFB2,2635,2787,rev,pFB2,2635,60,148,2783,Lag,Widom607,revLag
4347edf5-6f46-48ba-8b00-0574effb8a45,pFB2,2645,2780,rev,pFB2,2645,60,134,2779,Lag,Widom607,revLag
be358d68-f201-4fd1-921a-7d8cb8f25b5b,pFB2,2644,2768,fwd,pFB2,2644,23,130,2774,Lead,Widom607,fwdLead
5bd35849-2a90-4306-b20a-d14d4b4122ca,pFB2,2648,2782,fwd,pFB2,2648,31,151,2799,Lead,Widom607,fwdLead
c4b683f1-3f70-4b5c-9149-37102bd5c9ee,pFB2,2659,2826,rev,pFB2,2659,60,167,2826,Lag,Widom607,revLag
743bd9f5-e45e-4f2e-b092-41dbeeeb31aa,pFB2,2671,2782,fwd,pFB2,2671,60,152,2823,Lead,Widom607,fwdLead
a50093c1-a884-4a45-9b7a-2e4d68401fae,pFB2,2675,2844,fwd,pFB2,2675,60,170,2845,Lead,Widom607,fwdLead
28c8a855-3dc0-4339-84c4-73b68a05e090,pFB2,2676,2826,fwd,pFB2,2676,60,148,2824,Lead,Widom607,fwdLead
b165a0f6-b341-43be-ac47-ef78ce555f6b,pFB2,2676,2835,rev,pFB2,2676,60,158,2834,Lag,Widom607,revLag
1d1aab27-5d8d-41ff-ad73-5082777c1451,pFB2,2678,2825,rev,pFB2,2678,53,169,2847,Lag,Widom607,revLag
e84ad9f5-92e6-4ee8-9670-bfd44dc5ec83,pFB2,2685,2815,rev,pFB2,2685,45,139,2824,Lag,Widom607,revLag
2588f01b-a46d-47fe-8fff-cb67d255097d,pFB2,2689,2828,rev,pFB2,2689,51,141,2830,Lag,Widom607,revLag
eb79ba16-160a-4fcb-823c-8ee241d26d22,pFB2,2716,2853,fwd,pFB2,2716,60,143,2859,Lead,Widom613,fwdLead
cae01539-4bd4-4bd2-8d99-40f9a21652ca,pFB2,2726,2872,rev,pFB2,2726,60,148,2874,Lag,Widom613,revLag
e6a83e04-ed5e-431b-b652-ccf0ef1c1e21,pFB2,2729,2868,rev,pFB2,2729,60,135,2864,Lag,Widom613,revLag
1d23d118-093a-4aa5-bca4-349d3d24c431,pFB2,2747,2891,rev,pFB2,2747,60,145,2892,Lag,Widom613,revLag
9605cfed-5974-43de-a2f4-2d0b3a4d47aa,pFB2,2749,2886,rev,pFB2,2749,41,138,2887,Lag,Widom613,revLag
15d090b5-e6e4-4956-986f-58fdf86b847e,pFB2,2751,2884,fwd,pFB2,2751,38,133,2884,Lead,Widom613,fwdLead
6823b92d-0013-49b6-81d0-d915b266dbea,pFB2,2759,2896,rev,pFB2,2759,60,134,2893,Lag,Widom613,revLag
1f064a34-9b4d-4ed3-9c6b-4569762c67e4,pFB2,2759,2892,rev,pFB2,2759,51,138,2897,Lag,Widom613,revLag
2756433f-3ad2-4f8b-a65c-ee82b05e2cae,pFB2,2760,2897,fwd,pFB2,2760,60,133,2893,Lead,Widom613,fwdLead
b5016575-afb3-4221-bd41-940f406bfacb,pFB2,2760,2892,rev,pFB2,2760,52,130,2890,Lag,Widom613,revLag
df913825-de5a-432d-9639-fe28af350566,pFB2,2761,2896,rev,pFB2,2761,38,132,2893,Lag,Widom613,revLag
91fd5eec-12ce-4c86-9c7a-66db011edd58,pFB2,2764,2891,rev,pFB2,2764,57,133,2897,Lag,Widom613,revLag
3d459f15-d454-477f-b53c-400ebc77b48a,pFB2,2769,2906,fwd,pFB2,2769,60,142,2911,Lead,Widom613,fwdLead
a950bb7b-edad-4b9f-a5df-68ca54b0ff06,pFB2,2812,2963,rev,pFB2,2812,47,150,2962,Lag,Widom613,revLag
ec5369f8-04d3-4d6d-80d9-6624515c104d,pFB2,2825,2975,fwd,pFB2,2825,59,151,2976,Lead,Widom613,fwdLead
512fc89d-d4c4-4f44-8683-1bac786f5a85,pFB2,2839,3002,fwd,pFB2,2839,60,166,3005,Lead,Widom613,fwdLead
8bdbec5b-9f23-46d9-bc2e-5b91012b4966,pFB2,2847,2969,fwd,pFB2,2847,53,147,2994,Lead,Widom613,fwdLead
ff468069-8a8b-4912-855c-07f971ac89fd,pFB2,2850,2988,fwd,pFB2,2850,60,157,3007,Lead,Widom613,fwdLead
a27a5adb-e2bd-4be1-a7cf-3914d4bbbfbe,pFB2,2855,2978,rev,pFB2,2855,60,131,2986,Lag,Widom613,revLag
ce451c4c-74db-425f-abcc-06043cf7fe5f,pFB2,2871,3012,fwd,pFB2,2871,60,141,3012,Lead,Widom613,fwdLead
f7d864c9-9116-4173-a9ec-55d68a83a4b6,pFB2,2872,2984,rev,pFB2,2872,60,162,3034,Lag,Widom613,revLag
6ad64e2e-fbeb-4e9d-ad8f-91a25242e7cf,pFB2,2873,3022,rev,pFB2,2873,60,148,3021,Lag,Widom613,revLag
eb0ec987-2beb-4db5-afaf-438c31a9e552,pFB2,2874,3022,fwd,pFB2,2874,20,145,3019,Lead,Widom613,fwdLead
3ff322a2-5778-4367-80d7-007237c9febd,pFB2,2883,3015,rev,pFB2,2883,60,133,3016,Lag,Widom613,revLag
e5828e13-6193-463a-8c64-3bccff7d61b8,pFB2,2896,3052,rev,pFB2,2896,60,158,3054,Lag,Widom613,revLag
e9cf9260-8f74-4085-9d67-84afa4e49c7c,pFB2,2897,3042,rev,pFB2,2897,60,145,3042,Lag,Widom618,revLag
2f3cc2e8-346e-445d-8e36-15a37c269106,pFB2,2902,3039,fwd,pFB2,2902,60,138,3040,Lead,Widom618,fwdLead
c51fb435-f3e8-4f3e-a6c9-07773da9edc4,pFB2,2903,3036,rev,pFB2,2903,60,134,3037,Lag,Widom618,revLag
2b95c8a6-cb3a-4f4f-b076-1da673ac87f2,pFB2,2910,3072,fwd,pFB2,2910,60,170,3080,Lead,Widom618,fwdLead
373fb367-b235-48ca-91e6-e4ac011fec84,pFB2,2918,3048,fwd,pFB2,2918,60,141,3059,Lead,Widom618,fwdLead
12a0b970-2a25-4ebc-9008-507d36343d97,pFB2,2918,3074,rev,pFB2,2918,60,155,3073,Lag,Widom618,revLag
509aeb06-9418-4923-95b8-4cf1b5429ac3,pFB2,2919,3061,rev,pFB2,2919,60,142,3061,Lag,Widom618,revLag
767ba11e-21da-4b67-8f93-2380f28f7432,pFB2,2919,3074,rev,pFB2,2919,60,154,3073,Lag,Widom618,revLag
5d65bf6d-c78f-4a49-be6b-44673bef816e,pFB2,2923,3080,fwd,pFB2,2923,60,153,3076,Lead,Widom618,fwdLead
38710eba-7979-4926-a7f3-e8b647f7528b,pFB2,2923,3072,fwd,pFB2,2923,60,142,3065,Lead,Widom618,fwdLead
a6db8629-694a-4332-aea9-ab640763343a,pFB2,2923,3074,fwd,pFB2,2923,20,140,3063,Lead,Widom618,fwdLead
513e7af7-62de-4a97-95fa-bd7ec544d97f,pFB2,2925,3062,fwd,pFB2,2925,60,136,3061,Lead,Widom618,fwdLead
7b491a99-8df0-4e23-a48f-16e79ea36fbf,pFB2,2925,3076,rev,pFB2,2925,60,151,3076,Lag,Widom618,revLag
99a026c4-9780-49bf-ab02-eaa8efe79f29,pFB2,2929,3074,rev,pFB2,2929,51,142,3071,Lag,Widom618,revLag
ead7ff35-5521-4485-a8b2-58ce5508367b,pFB2,2930,3086,fwd,pFB2,2930,39,153,3083,Lead,Widom618,fwdLead
86c3005d-c18d-405f-b096-a92d83c5da7e,pFB2,2933,3074,rev,pFB2,2933,60,140,3073,Lag,Widom618,revLag
3a4e8a42-4c0f-4556-8530-c6bf004d4020,pFB2,2935,3086,fwd,pFB2,2935,60,148,3083,Lead,Widom618,fwdLead
b39b3afd-dfcc-4aa2-978e-00bda588227c,pFB2,2938,3085,rev,pFB2,2938,60,147,3085,Lag,Widom618,revLag
5d93dfa8-ba80-4e29-8208-054526a29130,pFB2,2940,3074,rev,pFB2,2940,37,138,3078,Lag,Widom618,revLag
82f3752c-aa54-4c6b-9259-e6b858c9c3b1,pFB2,2941,3073,fwd,pFB2,2941,20,136,3077,Lead,Widom618,fwdLead
2918fb68-3647-4de6-bde1-264ce31188b7,pFB2,2941,3085,rev,pFB2,2941,60,145,3086,Lag,Widom618,revLag
22cfbf81-40d4-4025-853b-f8c0892b8db7,pFB2,2943,3103,rev,pFB2,2943,60,156,3099,Lag,Widom618,revLag
fce365d7-dbf4-4829-b77f-938509fd64a7,pFB2,2945,3104,fwd,pFB2,2945,39,161,3106,Lead,Widom618,fwdLead
97746a1b-7bcb-4b18-87a9-863705d4a0c8,pFB2,2958,3072,fwd,pFB2,2958,37,130,3088,Lead,Widom618,fwdLead
5957d147-ec3c-430f-9839-0e0946defe7a,pFB2,2962,3099,fwd,pFB2,2962,25,138,3100,Lead,Widom618,fwdLead
e85a70ac-9863-4552-81d7-98273d93b3fa,pFB2,2963,3069,rev,pFB2,2963,49,170,3133,Lag,Widom618,revLag
534629f7-b4f1-4c91-a3bb-5ad4472a0b1e,pFB2,2965,3096,rev,pFB2,2965,60,138,3103,Lag,Widom618,revLag
44b81d06-7de0-4bfb-a992-ce53336401ef,pFB2,2967,3091,fwd,pFB2,2967,60,122,3089,Lead,Widom618,fwdLead
66b743e4-9f06-47f3-97c1-021e83658434,pFB2,2968,3112,fwd,pFB2,2968,27,138,3106,Lead,Widom618,fwdLead
595a419a-a613-4473-8410-ce161ca5a146,pFB2,2969,3096,fwd,pFB2,2969,40,133,3102,Lead,Widom618,fwdLead
f5026f16-33c8-482f-91af-11deaaaf67c5,pFB2,2991,3131,rev,pFB2,2991,34,136,3127,Lag,Widom618,revLag
4e710548-3b80-4f99-9a9a-83c56529e5a9,pFB2,3021,3185,fwd,pFB2,3021,48,162,3183,Lead,Widom618,fwdLead
8f582e9c-f07f-48d9-91b8-4802b09e10cd,pFB2,3040,3170,fwd,pFB2,3040,34,129,3169,Lead,Widom618,fwdLead
98ef4b66-ba5d-4bd3-80fa-eb6fdff2dd52,pFB2,3046,3206,fwd,pFB2,3046,60,157,3203,Lead,Widom618,fwdLead
10c622b9-5d8e-4c8a-b156-87885daeaca2,pFB2,3112,3259,rev,pFB2,3112,52,155,3267,Lag,Others,revLag
1798216e-4f97-453c-892b-6947e248f664,pFB2,3140,3293,rev,pFB2,3140,60,153,3293,Lag,Others,revLag
f5672f71-562c-41a1-b69a-ac5dcda09a46,pFB2,3149,3310,rev,pFB2,3149,60,164,3313,Lag,Others,revLag
104ec7ce-9191-4c62-8408-72ccc9594ccf,pFB2,3158,3313,rev,pFB2,3158,60,159,3317,Lag,Others,revLag
eb06d953-b224-487c-9646-4e4b25a1c86e,pFB2,3167,3331,rev,pFB2,3167,60,162,3329,Lag,Others,revLag
09104833-6aa0-477b-8e78-cd9de9f2bddd,pFB2,3216,3363,rev,pFB2,3216,60,149,3365,Lag,Others,revLag
cc5c0402-03b5-440b-a4de-dcdc76724988,pFB2,3217,3369,rev,pFB2,3217,60,157,3374,Lag,Others,revLag
e78f34d0-9179-4cb7-afa6-6dbe170e4e40,pFB2,3218,3351,fwd,pFB2,3218,48,129,3347,Lead,Others,fwdLead
c2c11071-302d-4b1c-81ae-98112541d89a,pFB2,3218,3373,rev,pFB2,3218,60,153,3371,Lag,Others,revLag
45e7e842-070e-4895-955f-6bfda7b78f81,pFB2,3218,3370,rev,pFB2,3218,60,162,3380,Lag,Others,revLag
2604be78-4a97-4742-b2d5-d9ca01123f8e,pFB2,3230,3341,fwd,pFB2,3230,48,171,3401,Lead,Others,fwdLead
18664090-de39-40c5-8bd7-93edf32bdd9a,pFB2,3243,3400,fwd,pFB2,3243,60,153,3396,Lead,Others,fwdLead
863c2820-70a1-47c5-9509-a0e6de574a48,pFB2,3245,3407,rev,pFB2,3245,60,168,3413,Lag,Others,revLag
6e3ba291-3a5d-41a7-98bc-014b47204505,pFB2,3271,3381,fwd,pFB2,3271,23,157,3428,Lead,Others,fwdLead
4490b1af-db7e-43a7-95c8-0e44c688a837,pFB2,3293,3437,rev,pFB2,3293,60,134,3427,Lag,Others,revLag
52d69deb-babe-4fa6-bed3-b9782dd714b3,pFB2,3313,3460,fwd,pFB2,3313,57,151,3464,Lead,Others,fwdLead
60f97895-1791-4b74-8360-9d1115006813,pFB2,3313,3437,rev,pFB2,3313,60,130,3443,Lag,Others,revLag
eb9f7d1f-fe28-481c-ac58-6a2567ab02bf,pFB2,3314,3438,fwd,pFB2,3314,32,125,3439,Lead,Others,fwdLead
87df222c-7db1-44cd-a8db-52a2bb989fbf,pFB2,3326,3466,rev,pFB2,3326,60,140,3466,Lag,Others,revLag
95c0eb43-dc94-4578-ae87-5e84c6dc33a4,pFB2,3328,3481,rev,pFB2,3328,60,151,3479,Lag,Others,revLag
aad633ee-53e5-4426-abc5-80260133375b,pFB2,3331,3472,rev,pFB2,3331,60,146,3477,Lag,Others,revLag
eb5cb04f-566d-4b0e-ba46-b413c94d8f69,pFB2,3335,3459,rev,pFB2,3335,60,126,3461,Lag,Others,revLag
a996bbb1-9d71-4ac7-967f-f00daa0a7260,pFB2,3341,3477,fwd,pFB2,3341,60,136,3477,Lead,Others,fwdLead
23fed8de-fe44-4285-b8fa-f901a4369bd7,pFB2,3347,3515,fwd,pFB2,3347,60,171,3518,Lead,Others,fwdLead
a977c49d-73ca-4e17-899f-53c87db3cfaf,pFB2,3353,3508,rev,pFB2,3353,60,156,3509,Lag,Others,revLag
fa0cedec-a086-4c2e-b9ac-e947963b53fc,pFB2,3363,3516,fwd,pFB2,3363,60,146,3509,Lead,Others,fwdLead
8aef8299-b75b-4b6c-ad5b-ec3086ba6b2d,pFB2,3372,3506,rev,pFB2,3372,60,139,3511,Lag,Others,revLag
1d14b6e4-4f36-4c0c-b07f-668426280925,pFB2,3372,3510,rev,pFB2,3372,60,149,3521,Lag,Others,revLag
9bfc7091-3e09-407d-843a-7ee6a381296e,pFB2,3385,3521,fwd,pFB2,3385,60,148,3533,Lead,Others,fwdLead
1574f755-305b-4e23-86f4-4b9af80a8ac2,pFB2,3385,3537,fwd,pFB2,3385,60,157,3542,Lead,Others,fwdLead
e9055f50-37aa-4d37-8e3e-a61c5b3cefd0,pFB2,3396,3559,fwd,pFB2,3396,60,160,3556,Lead,Others,fwdLead
fa7304af-805d-4c5f-9bce-3117b925332d,pFB2,3396,3539,rev,pFB2,3396,60,139,3535,Lag,Others,revLag
53add074-db08-4f64-9220-baaf585e0696,pFB2,3417,3585,rev,pFB2,3417,60,166,3583,Lag,Others,revLag
9ed0b832-90f2-4e7b-b929-534373e7dd94,pFB2,3420,3588,rev,pFB2,3420,32,162,3582,Lag,Others,revLag
915fac1f-e7d5-451d-916d-fe71fb11f7b3,pFB2,3427,3551,rev,pFB2,3427,60,123,3550,Lag,Others,revLag
af8a9bff-e053-4230-9765-c33de7d9fcaf,pFB2,3438,3588,rev,pFB2,3438,60,150,3588,Lag,Others,revLag
2f981764-8516-42e9-93b3-bc63cedbfdfd,pFB2,3442,3591,fwd,pFB2,3442,33,146,3588,Lead,Others,fwdLead
1ea1dca0-7d25-4e35-a573-b16cead7ce7c,pFB2,3453,3595,fwd,pFB2,3453,60,136,3589,Lead,Others,fwdLead
bb3f1869-054a-4c73-b69f-52dcbd86252f,pFB2,3453,3601,rev,pFB2,3453,45,149,3602,Lag,Others,revLag
074d0bcb-dd30-4dc7-9eb6-de4b5c760166,pFB2,3465,3612,fwd,pFB2,3465,30,143,3608,Lead,Others,fwdLead
2b8fd345-2d3e-4f52-af59-53e918e72f23,pFB2,3467,3585,rev,pFB2,3467,51,129,3596,Lag,Others,revLag
1685c9bd-19b2-4b7c-8bb0-658c28c3f539,pFB2,3467,3594,rev,pFB2,3467,20,130,3597,Lag,Others,revLag
71a42e7c-dc30-4a71-8628-4f62e55b8057,pFB2,3486,3626,fwd,pFB2,3486,60,151,3637,Lead,Others,fwdLead
b98ee22d-4abe-4c62-abf0-61faef6763b1,pFB2,3486,3623,fwd,pFB2,3486,60,136,3622,Lead,Others,fwdLead
05946e72-7a99-4224-b315-14cad1e28845,pFB2,3492,3623,rev,pFB2,3492,60,130,3622,Lag,Others,revLag
7831c197-8b68-4a42-94d6-c5e848b23ef2,pFB2,3497,3645,fwd,pFB2,3497,58,145,3642,Lead,Others,fwdLead
e864fac3-9540-404c-bb4b-31a7825f4562,pFB2,3504,3624,rev,pFB2,3504,32,171,3675,Lag,Others,revLag
18014b89-7564-4923-81c2-ee96776824b4,pFB2,3521,3627,fwd,pFB2,3521,60,124,3645,Lead,Others,fwdLead
e575ca56-d0fd-482f-9f83-1de4c98630a4,pFB2,3522,3680,rev,pFB2,3522,54,158,3680,Lag,Others,revLag
d855be18-5b70-4469-91f1-d804d6ed95be,pFB2,3523,3676,rev,pFB2,3523,52,149,3672,Lag,Others,revLag
eb2e3bbc-46cc-404c-8b3d-6d408f6a38b9,pFB2,3528,3662,rev,pFB2,3528,47,132,3660,Lag,Others,revLag
74da41f7-ce4f-4b7c-a926-c99ad4a35274,pFB2,3536,3678,rev,pFB2,3536,60,138,3674,Lag,Others,revLag
65e518b8-70da-47df-8474-9e8d62f7cb3c,pFB2,3537,3680,rev,pFB2,3537,60,143,3680,Lag,Others,revLag
67135fc6-2dd2-40e8-9865-8acabd5aa115,pFB2,3542,3649,rev,pFB2,3542,43,157,3699,Lag,Others,revLag
31997809-d191-4ae3-a885-1d986de5dfcb,pFB2,3546,3678,fwd,pFB2,3546,60,135,3681,Lead,Others,fwdLead
dbbe0ccc-4066-42fe-bf4b-f6dd13adb682,pFB2,3555,3717,fwd,pFB2,3555,60,159,3714,Lead,Others,fwdLead
ef88d329-84dc-419e-b8dc-95f2a481bfa6,pFB2,3555,3702,rev,pFB2,3555,60,156,3711,Lag,Others,revLag
65c2b54d-b906-47a6-87a7-8dc6756f48bd,pFB2,3559,3662,fwd,pFB2,3559,27,147,3706,Lead,Others,fwdLead
2d653d73-3338-41e8-a426-f91f5893590b,pFB2,3559,3709,rev,pFB2,3559,42,152,3711,Lag,Others,revLag
d5e78950-35a7-4cd8-9717-bc75a5d0a34a,pFB2,3561,3697,fwd,pFB2,3561,60,135,3696,Lead,Others,fwdLead
b67e1dc3-bc32-4e8e-a54f-6fa12f370fd4,pFB2,3561,3717,fwd,pFB2,3561,60,157,3718,Lead,Others,fwdLead
5b64cdd6-5678-4e5c-9c3b-03c5074cae5e,pFB2,3562,3700,fwd,pFB2,3562,28,147,3709,Lead,Others,fwdLead
8f767b3e-9ad8-4ba1-9ac0-ccfadfd8d051,pFB2,3562,3720,fwd,pFB2,3562,38,159,3721,Lead,Others,fwdLead
dac61289-9026-424f-9941-20e259ba4349,pFB2,3572,3719,rev,pFB2,3572,60,143,3715,Lag,Others,revLag
17d82937-bcf2-4aa0-927a-855aaa4b0fe9,pFB2,3572,3699,fwd,pFB2,3572,60,135,3707,Lead,Others,fwdLead
f945789a-6559-4dfe-a302-20acb07edc81,pFB2,3574,3702,rev,pFB2,3574,60,130,3704,Lag,Others,revLag
18a9b9be-55eb-419d-81b6-14e8b0ba6265,pFB2,3579,3719,rev,pFB2,3579,60,150,3729,Lag,Others,revLag
6ab7a188-2098-4b3d-9dcf-55f96e08fe66,pFB2,3589,3756,fwd,pFB2,3589,60,163,3752,Lead,Others,fwdLead
6de5178d-83d9-48fe-bc56-f7a33f283436,pFB2,3593,3713,rev,pFB2,3593,60,134,3727,Lag,Others,revLag
b2651f2d-9bb3-4db8-8824-e0109b93d519,pFB2,3593,3719,rev,pFB2,3593,60,128,3721,Lag,Others,revLag
91460eb7-b9e1-42ba-9427-6542e270c891,pFB2,3602,3719,fwd,pFB2,3602,33,154,3756,Lead,Others,fwdLead
4b48efa4-161f-4f16-9d70-ab2c5c903f10,pFB2,3599,3758,rev,pFB2,3599,60,157,3756,Lag,Others,revLag
6195363f-253f-4d6a-92a7-9e2d7d02f3c5,pFB2,3609,3768,fwd,pFB2,3609,60,157,3766,Lead,Others,fwdLead
8db8fe82-3eed-403e-bedf-e22787ca57f0,pFB2,3609,3747,fwd,pFB2,3609,60,136,3745,Lead,Others,fwdLead
bbe3e734-6026-486c-afcb-02ede2ad5e10,pFB2,3609,3766,rev,pFB2,3609,60,156,3765,Lag,Others,revLag
99aabd91-ec57-4c9c-ada7-2f131a8d6fe2,pFB2,3610,3724,rev,pFB2,3610,60,127,3737,Lag,Others,revLag
4b6eaa65-2552-473c-9b6c-efadeea1cb42,pFB2,3613,3746,fwd,pFB2,3613,51,153,3766,Lead,Others,fwdLead
99ca0abd-c9c2-457e-b5b7-af024e974511,pFB2,3634,3779,fwd,pFB2,3634,60,146,3780,Lead,Others,fwdLead
882b985a-f596-46f1-95fd-0b431a61d589,pFB2,3653,3820,fwd,pFB2,3653,60,168,3821,Lead,Others,fwdLead
dd89cdb3-f22a-4b27-8e47-b87f167edfaf,pFB2,3656,3810,rev,pFB2,3656,60,154,3810,Lag,Others,revLag
db1343e5-4501-42ed-821f-b84bd0f8b331,pFB2,3657,3787,fwd,pFB2,3657,39,128,3785,Lead,Others,fwdLead
bcf88d6a-9311-44d3-b46c-eb8561eebb8d,pFB2,3658,3822,rev,pFB2,3658,60,165,3823,Lag,Others,revLag
0c5c0cf4-2f65-44c2-8223-5d79e1e2539d,pFB2,3680,3815,fwd,pFB2,3680,60,131,3811,Lead,Others,fwdLead
72bd9ce9-9fd3-4aaf-9d7a-4a62fac77397,pFB2,3703,3822,fwd,pFB2,3703,60,161,3864,Lead,Others,fwdLead
74d83c06-d8dc-48df-ae77-3f5b5d526d8c,pFB2,3708,3847,rev,pFB2,3708,60,141,3849,Lag,Others,revLag
c9d193f5-d4d7-42b2-b91b-553cc063dfee,pFB2,3724,3824,fwd,pFB2,3724,60,150,3874,Lead,Others,fwdLead
9ef113ac-6988-4bd7-90bb-f4e952c93835,pFB2,3733,3875,fwd,pFB2,3733,37,145,3878,Lead,Others,fwdLead
bd4d8f0d-80fd-4e7c-a27e-bc4dc3902263,pFB2,3735,3902,fwd,pFB2,3735,60,166,3901,Lead,Others,fwdLead
384bc4a0-2b74-4b92-b55b-a4697eaed3da,pFB2,3786,3936,rev,pFB2,3786,60,151,3937,Lag,Others,revLag
71d95fc0-2a8e-42eb-b738-eb59241a1bb5,pFB2,3793,3961,fwd,pFB2,3793,59,168,3961,Lead,Others,fwdLead
85950214-c6ee-42a7-9287-73d563b53d64,pFB2,3818,3977,fwd,pFB2,3818,60,160,3978,Lead,Others,fwdLead
0076f7c1-9595-4c8f-b599-78cb75d5b222,pFB2,3822,3957,fwd,pFB2,3822,60,128,3950,Lead,Others,fwdLead
c46fd2c8-f868-4fdf-81c3-608c5c88775a,pFB2,3825,3967,rev,pFB2,3825,33,154,3979,Lag,Others,revLag
7ab82a98-6444-4f14-9d0c-d5ccdb7707a6,pFB2,3831,3990,rev,pFB2,3831,60,156,3987,Lag,Others,revLag
3c346074-3233-4fca-a179-fbbe36eeebe3,pFB2,3834,3965,fwd,pFB2,3834,60,130,3964,Lead,Others,fwdLead
fc33e31e-da09-484d-bf89-45b0d88c78d7,pFB2,3835,3964,rev,pFB2,3835,60,127,3962,Lag,Others,revLag
1762feea-eb46-468f-bb8f-fcbdce867137,pFB2,3834,3981,rev,pFB2,3834,60,148,3982,Lag,Others,revLag
58f0ddf9-0071-4875-af15-afca7185af20,pFB2,3835,3989,rev,pFB2,3835,60,158,3993,Lag,Others,revLag
74e453fb-6def-4a82-8dfb-66aa0fddce98,pFB2,3853,4000,rev,pFB2,3853,60,161,4014,Lag,Others,revLag
f27fc2bf-dece-49e5-88ce-60a79be33d66,pFB2,3858,3974,rev,pFB2,3858,60,140,3998,Lag,Others,revLag
4a9a2156-ffdb-40da-b00b-72531f5cc66a,pFB2,3869,4017,fwd,pFB2,3869,60,152,4021,Lead,Others,fwdLead
dafa3750-b22a-4aae-8e6c-e92adcaaedea,pFB2,3882,4035,rev,pFB2,3882,60,150,4032,Lag,Others,revLag
22c1040f-4f17-4108-9826-14d3860809ab,pFB2,3898,4029,rev,pFB2,3898,60,129,4027,Lag,Others,revLag
742cefc2-d262-4f9b-9b20-4840a401c928,pFB2,3901,4048,rev,pFB2,3901,60,153,4054,Lag,Others,revLag
efb99380-62d2-46f1-985f-2bd15def7d60,pFB2,3903,4062,rev,pFB2,3903,60,164,4067,Lag,Others,revLag
5d31ac7f-32dd-400a-82f2-f1d6e41dcc6a,pFB2,3914,4049,rev,pFB2,3914,60,137,4051,Lag,Others,revLag
bbed5bcc-2c2d-4d69-8345-e9e91637fcec,pFB2,3915,4053,rev,pFB2,3915,25,140,4055,Lag,Others,revLag
bf7396a5-7ba1-4a74-92c2-a6e736776ac6,pFB2,3916,4040,rev,pFB2,3916,60,136,4052,Lag,Others,revLag
de704d5e-f24c-4c53-b4a9-be3f5859b765,pFB2,3919,4058,rev,pFB2,3919,60,145,4064,Lag,Others,revLag
8ad43d0b-a505-48eb-a366-11aae6e8d043,pFB2,3921,4062,rev,pFB2,3921,60,135,4056,Lag,Others,revLag
cfe9f57e-659d-4ec2-bc86-c6fbd3646d60,pFB2,3921,4044,rev,pFB2,3921,36,153,4074,Lag,Others,revLag
b8024177-30e4-41f4-a0a5-2584ad141ef2,pFB2,3920,4072,rev,pFB2,3920,60,153,4073,Lag,Others,revLag
20a33abf-3fe8-4106-a2e3-7c677063d4e8,pFB2,3928,4068,fwd,pFB2,3928,46,149,4077,Lead,Others,fwdLead
aa8c1d61-9b58-459b-a24c-a3ead6854313,pFB2,3930,4069,fwd,pFB2,3930,60,145,4075,Lead,Others,fwdLead
1b14bb4b-4eab-4871-a31e-f543266fb708,pFB2,3930,4079,fwd,pFB2,3930,60,159,4089,Lead,Others,fwdLead
5b6b3d80-39c5-41b6-99ae-426b737360ce,pFB2,3931,4104,rev,pFB2,3931,60,163,4094,Lag,Others,revLag
be2d494e-9603-4b4c-8fbc-7cd3bdc788b0,pFB2,3939,4067,rev,pFB2,3939,60,132,4071,Lag,Others,revLag
c1be62c9-8b12-47eb-bbe6-e492cc8c0b06,pFB2,3942,4084,rev,pFB2,3942,60,144,4086,Lag,Others,revLag
69ae50cf-f8e9-494f-93d9-0c69d8efa94a,pFB2,3942,4072,fwd,pFB2,3942,60,140,4082,Lead,Others,fwdLead
53d715e1-09bd-4694-b742-4f9046dde9fb,pFB2,3944,4069,rev,pFB2,3944,60,167,4111,Lag,Others,revLag
29149b1a-27eb-45f8-884f-c86f78b3cd07,pFB2,3951,4096,rev,pFB2,3951,60,149,4100,Lag,Others,revLag
e7ee0c06-ccf3-47d8-a0e0-380e1fb33bab,pFB2,3953,4100,rev,pFB2,3953,60,147,4100,Lag,Others,revLag
59979573-e13f-4397-93b4-774e080780a0,pFB2,3955,4117,fwd,pFB2,3955,60,162,4117,Lead,Others,fwdLead
a6378077-0d54-4e95-882c-19d2e5383652,pFB2,3955,4102,rev,pFB2,3955,60,144,4099,Lag,Others,revLag
1c446a9f-3c85-48a4-9e5b-cd3eb8025f0b,pFB2,3963,4091,fwd,pFB2,3963,60,126,4089,Lead,Others,fwdLead
33ad4016-5efb-4639-a1cd-8062d9635898,pFB2,3966,4124,fwd,pFB2,3966,60,159,4125,Lead,Others,fwdLead
0aac4357-f526-423a-a6f7-160aef17eb29,pFB2,3967,4070,rev,pFB2,3967,60,148,4115,Lag,Others,revLag
99ae0e64-88d4-4acd-9490-24005799d116,pFB2,3971,4106,fwd,pFB2,3971,60,132,4103,Lead,Others,fwdLead
c1967b30-b1ba-419c-b2a1-1399c8a43ed1,pFB2,3970,4124,rev,pFB2,3970,60,163,4133,Lag,Others,revLag
f233d59a-52ab-4fe0-b3bb-bb69c495dc9d,pFB2,3971,4141,rev,pFB2,3971,60,172,4143,Lag,Others,revLag
426eb350-51b1-40f9-9131-cf1eaaa7d273,pFB2,3971,4125,rev,pFB2,3971,60,158,4129,Lag,Others,revLag
271e3ac3-fc1a-4898-93bb-77002217a936,pFB2,3972,4111,rev,pFB2,3972,51,133,4105,Lag,Others,revLag
abfc3c07-b1ab-462e-b8dc-784225a6a83d,pFB2,3975,4126,fwd,pFB2,3975,44,144,4119,Lead,Others,fwdLead
4d94fc44-fcc8-40f7-a471-bcf1fe3f1d85,pFB2,3974,4115,fwd,pFB2,3974,28,140,4114,Lead,Others,fwdLead
9edd02f4-857c-4438-a3bc-8c9548cc69f6,pFB2,3974,4105,fwd,pFB2,3974,21,131,4105,Lead,Others,fwdLead
5907fead-b132-4098-8daa-bb7af53b6a48,pFB2,3981,4124,rev,pFB2,3981,60,144,4125,Lag,Others,revLag
58e4606f-d719-4c14-9f1c-40491e5660f3,pFB2,3981,4117,rev,pFB2,3981,60,134,4115,Lag,Others,revLag
8dc4a579-1443-4528-aff6-fba9d343062a,pFB2,3989,4124,rev,pFB2,3989,60,136,4125,Lag,Others,revLag
64bf020b-fd0d-4f37-bc2c-a697ddb809ff,pFB2,3991,4117,rev,pFB2,3991,60,127,4118,Lag,Others,revLag
e0900b33-0205-4742-8ea9-bef406028066,pFB2,3998,4143,fwd,pFB2,3998,47,153,4151,Lead,Others,fwdLead
f36e4cb3-19b5-4c54-8a75-887e4228fd49,pFB2,3998,4160,rev,pFB2,3998,45,161,4159,Lag,Others,revLag
922d963b-d1ff-4f64-a780-42a373f97108,pFB2,4000,4151,fwd,pFB2,4000,60,153,4153,Lead,Others,fwdLead
dc3270de-3c83-4c15-a2da-9c34eab4cb23,pFB2,4001,4140,fwd,pFB2,4001,60,148,4149,Lead,Others,fwdLead
ae1556fb-9c3d-40a5-bb26-df7b27af1d4d,pFB2,4002,4167,rev,pFB2,4002,60,161,4163,Lag,Others,revLag
d4d20c7f-630f-428b-925f-928e1e906423,pFB2,4002,4167,rev,pFB2,4002,60,166,4168,Lag,Others,revLag
3847b773-cf9c-46c9-81c0-fedf8d0d6fc3,pFB2,4004,4167,rev,pFB2,4004,60,163,4167,Lag,Others,revLag
c28bdc36-149e-45d3-816c-4c44780e8bd1,pFB2,4010,4156,fwd,pFB2,4010,60,151,4161,Lead,Others,fwdLead
83f90b53-3984-4bed-a081-dac3470b87c3,pFB2,4011,4151,rev,pFB2,4011,60,146,4157,Lag,Others,revLag
5bb1fddb-7775-4255-997b-32f7824e12f2,pFB2,4019,4167,rev,pFB2,4019,60,145,4164,Lag,Others,revLag
d0ee464e-4637-4029-a1f2-18de13b4f3f4,pFB2,4029,4181,rev,pFB2,4029,60,150,4179,Lag,Others,revLag
40235152-c64a-4a97-9720-37dabbba1112,pFB2,4029,4182,rev,pFB2,4029,33,155,4184,Lag,Others,revLag
5055ba04-6f3b-4e98-a5d3-51ca517d3c18,pFB2,4032,4170,fwd,pFB2,4032,60,142,4174,Lead,Others,fwdLead
ac414fe2-e2cd-4ae1-addd-8eebf41d6e15,pFB2,4034,4168,rev,pFB2,4034,60,132,4166,Lag,Others,revLag
506a206e-156b-4114-966c-9072ea90bf65,pFB2,4035,4167,rev,pFB2,4035,60,143,4178,Lag,Others,revLag
25727336-f93f-4f48-b731-c3d278f76e55,pFB2,4038,4181,fwd,pFB2,4038,49,148,4186,Lead,Others,fwdLead
65cf81df-daf8-49da-a975-d768b726cf97,pFB2,4042,4203,rev,pFB2,4042,60,164,4206,Lag,Others,revLag
5519b075-c5bc-4758-8978-610a9654bef1,pFB2,4054,4181,fwd,pFB2,4054,48,137,4191,Lead,Others,fwdLead
da21ea9b-825c-4ad7-a2bd-1147a7d63030,pFB2,4058,4203,rev,pFB2,4058,60,148,4206,Lag,Others,revLag
9f96afb0-8886-4410-8d18-57d034bf9c46,pFB2,4061,4202,rev,pFB2,4061,60,148,4209,Lag,Others,revLag
a5abab53-58c9-4c05-ae44-e62369ea8e26,pFB2,4063,4212,fwd,pFB2,4063,60,150,4213,Lead,Others,fwdLead
e5dedaf7-7069-4f80-98b8-a8c687731198,pFB2,4064,4238,rev,pFB2,4064,47,172,4236,Lag,Others,revLag
205c9941-b36e-4370-9b91-431411135734,pFB2,4071,4224,rev,pFB2,4071,60,157,4228,Lag,Others,revLag
d3030086-f4ac-49b4-ae72-eff546c57dab,pFB2,4087,4212,fwd,pFB2,4087,60,159,4246,Lead,Others,fwdLead
058a6b3c-781f-4f6b-9c8e-636bdbb7c57b,pFB2,4093,4226,fwd,pFB2,4093,26,137,4230,Lead,Others,fwdLead
21178475-d3c0-4825-b6f8-44e19181d1f5,pFB2,4100,4239,fwd,pFB2,4100,60,144,4244,Lead,Others,fwdLead
667df081-3418-4f40-8308-6a139cf8a166,pFB2,4105,4262,rev,pFB2,4105,60,162,4267,Lag,Others,revLag
2a6367a5-fbc0-400d-bdc6-aa29ad0c231b,pFB2,4108,4262,fwd,pFB2,4108,60,156,4264,Lead,Others,fwdLead
bb11784e-3ea7-4bdd-8298-d6076c0cbfbd,pFB2,4145,4303,fwd,pFB2,4145,60,154,4299,Lead,Others,fwdLead
f44e3a8a-c1a5-4f90-9f82-5eef917eb8d4,pFB2,4153,4304,fwd,pFB2,4153,52,163,4316,Lead,Others,fwdLead
e956530a-cfad-44d7-864d-1fcbc6b615ee,pFB2,4180,4347,rev,pFB2,4180,60,165,4345,Lag,Others,revLag
1f019f66-cf17-45f4-b3b2-f570688aa883,pFB2,4197,4335,fwd,pFB2,4197,60,137,4334,Lead,Others,fwdLead
8761ce11-2853-4ec7-96af-ae129d43f439,pFB2,4198,4352,fwd,pFB2,4198,60,158,4356,Lead,Others,fwdLead
90dfb16d-be93-4ca5-8472-48b0ee7620b8,pFB2,4202,4342,rev,pFB2,4202,37,135,4337,Lag,Others,revLag
09b0930a-dd0f-4ac5-b88d-1155f47396b2,pFB2,4208,4353,rev,pFB2,4208,60,137,4345,Lag,Others,revLag
9e754588-4787-4b48-8332-49be9be8b928,pFB2,4236,4352,rev,pFB2,4236,60,137,4373,Lag,Others,revLag
517aa605-1402-46a0-bb5f-95506e00b854,pFB2,4257,4406,rev,pFB2,4257,50,148,4405,Lag,Others,revLag
7b8427a0-c8ae-47c2-a2a1-f40050172df7,pFB2,4274,4403,rev,pFB2,4274,60,130,4404,Lag,Others,revLag
5eb43447-95f5-459b-9348-56302dcd04b1,pFB2,4310,4448,fwd,pFB2,4310,44,146,4456,Lead,Others,fwdLead
6007ae65-145c-4896-9531-58d905078814,pFB2,4313,4462,rev,pFB2,4313,60,156,4469,Lag,Others,revLag
e038a28c-53c3-48a2-92de-966cb7ba9626,pFB2,4329,4473,fwd,pFB2,4329,60,151,4480,Lead,Others,fwdLead
659164ce-b2d0-4324-98dd-c0953f8a7f34,pFB2,4343,4494,fwd,pFB2,4343,60,151,4494,Lead,Others,fwdLead
80208160-136d-454e-8456-f129c66f900a,pFB2,4350,4495,fwd,pFB2,4350,60,154,4504,Lead,Others,fwdLead
16ee0b6b-85f9-422b-8ee0-a5aba2a803cd,pFB2,4356,4503,rev,pFB2,4356,60,154,4510,Lag,Others,revLag
33d68287-c922-4eaf-949c-ef7a4ebba23e,pFB2,4359,4506,fwd,pFB2,4359,60,148,4507,Lead,Others,fwdLead
5f4ff603-5b8d-4590-bf1f-61302717bc69,pFB2,4373,4527,rev,pFB2,4373,60,158,4531,Lag,Others,revLag
0e3439a7-570e-47c9-950e-143917840f18,pFB2,4373,4528,rev,pFB2,4373,60,154,4527,Lag,Others,revLag
fbb65468-c1dc-449e-8894-33f474915e83,pFB2,4374,4517,fwd,pFB2,4374,60,141,4515,Lead,Others,fwdLead
bd399eee-b377-4326-a75f-12428abcfac0,pFB2,4396,4547,fwd,pFB2,4396,60,155,4551,Lead,Others,fwdLead
018e8acf-6684-4615-9fd9-2228062855a5,pFB2,4397,4540,fwd,pFB2,4397,60,140,4537,Lead,Others,fwdLead
33318b4d-1494-4fb7-a7a3-a4b21d49822c,pFB2,4397,4554,rev,pFB2,4397,53,164,4561,Lag,Others,revLag
f278aed3-689b-4e8a-93b3-f8a9201b1536,pFB2,4420,4569,fwd,pFB2,4420,60,151,4571,Lead,Others,fwdLead
8b91535f-b341-43ef-9ff6-81b6c6bfecb1,pFB2,4463,4575,rev,pFB2,4463,31,156,4619,Lag,Others,revLag